Filename,Steering Angle
photo_0001.jpg,95
photo_0002.jpg,95
photo_0003.jpg,95
photo_0004.jpg,95
photo_0005.jpg,95
photo_0006.jpg,95
photo_0007.jpg,95
photo_0008.jpg,95
photo_0009.jpg,95
photo_0010.jpg,110
photo_0011.jpg,110
photo_0012.jpg,110
photo_0013.jpg,95
photo_0014.jpg,95
photo_0015.jpg,95
photo_0016.jpg,95
photo_0017.jpg,95
photo_0018.jpg,95
photo_0019.jpg,95
photo_0020.jpg,95
photo_0021.jpg,95
photo_0022.jpg,95
photo_0023.jpg,95
photo_0024.jpg,95
photo_0025.jpg,95
photo_0026.jpg,95
photo_0027.jpg,80
photo_0028.jpg,80
photo_0029.jpg,80
photo_0030.jpg,80
photo_0031.jpg,95
photo_0032.jpg,95
photo_0033.jpg,95
photo_0034.jpg,95
photo_0035.jpg,95
photo_0036.jpg,95
photo_0037.jpg,95
photo_0038.jpg,95
photo_0039.jpg,95
photo_0040.jpg,95
photo_0041.jpg,80
photo_0042.jpg,80
photo_0043.jpg,80
photo_0044.jpg,95
photo_0045.jpg,95
photo_0046.jpg,95
photo_0047.jpg,95
photo_0048.jpg,95
photo_0049.jpg,95
photo_0050.jpg,95
photo_0051.jpg,95
photo_0052.jpg,95
photo_0053.jpg,95
photo_0054.jpg,95
photo_0055.jpg,95
photo_0056.jpg,95
photo_0057.jpg,95
photo_0058.jpg,95
photo_0059.jpg,95
photo_0060.jpg,95
photo_0061.jpg,95
photo_0062.jpg,80
photo_0063.jpg,80
photo_0064.jpg,80
photo_0065.jpg,95
photo_0066.jpg,95
photo_0067.jpg,95
photo_0068.jpg,95
photo_0069.jpg,95
photo_0070.jpg,95
photo_0071.jpg,95
photo_0072.jpg,95
photo_0073.jpg,95
photo_0074.jpg,95
photo_0075.jpg,95
photo_0076.jpg,80
photo_0077.jpg,80
photo_0078.jpg,80
photo_0079.jpg,80
photo_0080.jpg,80
photo_0081.jpg,80
photo_0082.jpg,80
photo_0083.jpg,80
photo_0084.jpg,65
photo_0085.jpg,65
photo_0086.jpg,65
photo_0087.jpg,65
photo_0088.jpg,65
photo_0089.jpg,65
photo_0090.jpg,65
photo_0091.jpg,65
photo_0092.jpg,65
photo_0093.jpg,65
photo_0094.jpg,65
photo_0095.jpg,65
photo_0096.jpg,65
photo_0097.jpg,65
photo_0098.jpg,65
photo_0099.jpg,65
photo_0100.jpg,65
photo_0101.jpg,65
photo_0102.jpg,65
photo_0103.jpg,65
photo_0104.jpg,65
photo_0105.jpg,65
photo_0106.jpg,65
photo_0107.jpg,65
photo_0108.jpg,65
photo_0109.jpg,65
photo_0110.jpg,65
photo_0111.jpg,65
photo_0112.jpg,65
photo_0113.jpg,65
photo_0114.jpg,65
photo_0115.jpg,65
photo_0116.jpg,65
photo_0117.jpg,65
photo_0118.jpg,65
photo_0119.jpg,65
photo_0120.jpg,65
photo_0121.jpg,65
photo_0122.jpg,65
photo_0123.jpg,80
photo_0124.jpg,80
photo_0125.jpg,80
photo_0126.jpg,80
photo_0127.jpg,80
photo_0128.jpg,80
photo_0129.jpg,95
photo_0130.jpg,95
photo_0131.jpg,95
photo_0132.jpg,95
photo_0133.jpg,95
photo_0134.jpg,95
photo_0135.jpg,95
photo_0136.jpg,95
photo_0137.jpg,95
photo_0138.jpg,95
photo_0139.jpg,95
photo_0140.jpg,95
photo_0141.jpg,95
photo_0142.jpg,95
photo_0143.jpg,95
photo_0144.jpg,95
photo_0145.jpg,95
photo_0146.jpg,95
photo_0147.jpg,95
photo_0148.jpg,95
photo_0149.jpg,95
photo_0150.jpg,80
photo_0151.jpg,80
photo_0152.jpg,80
photo_0153.jpg,80
photo_0154.jpg,95
photo_0155.jpg,95
photo_0156.jpg,95
photo_0157.jpg,95
photo_0158.jpg,95
photo_0159.jpg,95
photo_0160.jpg,95
photo_0161.jpg,95
photo_0162.jpg,95
photo_0163.jpg,95
photo_0164.jpg,95
photo_0165.jpg,95
photo_0166.jpg,95
photo_0167.jpg,95
photo_0168.jpg,95
photo_0169.jpg,95
photo_0170.jpg,95
photo_0171.jpg,80
photo_0172.jpg,80
photo_0173.jpg,80
photo_0174.jpg,80
photo_0175.jpg,80
photo_0176.jpg,80
photo_0177.jpg,80
photo_0178.jpg,80
photo_0179.jpg,80
photo_0180.jpg,80
photo_0181.jpg,80
photo_0182.jpg,80
photo_0183.jpg,80
photo_0184.jpg,80
photo_0185.jpg,80
photo_0186.jpg,95
photo_0187.jpg,95
photo_0188.jpg,95
photo_0189.jpg,95
photo_0190.jpg,110
photo_0191.jpg,110
photo_0192.jpg,110
photo_0193.jpg,125
photo_0194.jpg,125
photo_0195.jpg,125
photo_0196.jpg,125
photo_0197.jpg,125
photo_0198.jpg,125
photo_0199.jpg,125
photo_0200.jpg,125
photo_0201.jpg,110
photo_0202.jpg,110
photo_0203.jpg,110
photo_0204.jpg,110
photo_0205.jpg,110
photo_0206.jpg,110
photo_0207.jpg,110
photo_0208.jpg,110
photo_0209.jpg,110
photo_0210.jpg,110
photo_0211.jpg,110
photo_0212.jpg,110
photo_0213.jpg,110
photo_0214.jpg,95
photo_0215.jpg,95
photo_0216.jpg,95
photo_0217.jpg,95
photo_0218.jpg,95
photo_0219.jpg,110
photo_0220.jpg,110
photo_0221.jpg,110
photo_0222.jpg,110
photo_0223.jpg,110
photo_0224.jpg,110
photo_0225.jpg,110
photo_0226.jpg,110
photo_0227.jpg,110
photo_0228.jpg,110
photo_0229.jpg,110
photo_0230.jpg,95
photo_0231.jpg,95
photo_0232.jpg,95
photo_0233.jpg,95
photo_0234.jpg,80
photo_0235.jpg,80
photo_0236.jpg,65
photo_0237.jpg,65
photo_0238.jpg,65
photo_0239.jpg,65
photo_0240.jpg,65
photo_0241.jpg,65
photo_0242.jpg,65
photo_0243.jpg,65
photo_0244.jpg,65
photo_0245.jpg,65
photo_0246.jpg,65
photo_0247.jpg,65
photo_0248.jpg,65
photo_0249.jpg,65
photo_0250.jpg,65
photo_0251.jpg,65
photo_0252.jpg,65
photo_0253.jpg,65
photo_0254.jpg,65
photo_0255.jpg,65
photo_0256.jpg,65
photo_0257.jpg,65
photo_0258.jpg,65
photo_0259.jpg,65
photo_0260.jpg,65
photo_0261.jpg,65
photo_0262.jpg,65
photo_0263.jpg,65
photo_0264.jpg,65
photo_0265.jpg,65
photo_0266.jpg,65
photo_0267.jpg,50
photo_0268.jpg,50
photo_0269.jpg,50
photo_0270.jpg,50
photo_0271.jpg,50
photo_0272.jpg,50
photo_0273.jpg,50
photo_0274.jpg,50
photo_0275.jpg,50
photo_0276.jpg,50
photo_0277.jpg,50
photo_0278.jpg,50
photo_0279.jpg,50
photo_0280.jpg,50
photo_0281.jpg,50
photo_0282.jpg,50
photo_0283.jpg,50
photo_0284.jpg,50
photo_0285.jpg,50
photo_0286.jpg,50
photo_0287.jpg,50
photo_0288.jpg,50
photo_0289.jpg,50
photo_0290.jpg,50
photo_0291.jpg,50
photo_0292.jpg,50
photo_0293.jpg,50
photo_0294.jpg,65
photo_0295.jpg,65
photo_0296.jpg,65
photo_0297.jpg,65
photo_0298.jpg,65
photo_0299.jpg,80
photo_0300.jpg,80
photo_0301.jpg,80
photo_0302.jpg,80
photo_0303.jpg,80
photo_0304.jpg,95
photo_0305.jpg,95
photo_0306.jpg,95
photo_0307.jpg,95
photo_0308.jpg,95
photo_0309.jpg,95
photo_0310.jpg,95
photo_0311.jpg,95
photo_0312.jpg,95
photo_0313.jpg,95
photo_0314.jpg,95
photo_0315.jpg,95
photo_0316.jpg,95
photo_0317.jpg,95
photo_0318.jpg,95
photo_0319.jpg,95
photo_0320.jpg,95
photo_0321.jpg,95
photo_0322.jpg,95
photo_0323.jpg,95
photo_0324.jpg,110
photo_0325.jpg,110
photo_0326.jpg,110
photo_0327.jpg,110
photo_0328.jpg,110
photo_0329.jpg,110
photo_0330.jpg,110
photo_0331.jpg,95
photo_0332.jpg,95
photo_0333.jpg,95
photo_0334.jpg,95
photo_0335.jpg,95
photo_0336.jpg,95
photo_0337.jpg,95
photo_0338.jpg,95
photo_0339.jpg,80
photo_0340.jpg,80
photo_0341.jpg,80
photo_0342.jpg,80
photo_0343.jpg,80
photo_0344.jpg,95
photo_0345.jpg,95
photo_0346.jpg,95
photo_0347.jpg,95
photo_0348.jpg,95
photo_0349.jpg,95
photo_0350.jpg,80
photo_0351.jpg,80
photo_0352.jpg,80
photo_0353.jpg,80
photo_0354.jpg,80
photo_0355.jpg,65
photo_0356.jpg,65
photo_0357.jpg,65
photo_0358.jpg,65
photo_0359.jpg,65
photo_0360.jpg,65
photo_0361.jpg,65
photo_0362.jpg,65
photo_0363.jpg,65
photo_0364.jpg,65
photo_0365.jpg,65
photo_0366.jpg,65
photo_0367.jpg,50
photo_0368.jpg,50
photo_0369.jpg,50
photo_0370.jpg,50
photo_0371.jpg,50
photo_0372.jpg,50
photo_0373.jpg,50
photo_0374.jpg,50
photo_0375.jpg,50
photo_0376.jpg,50
photo_0377.jpg,50
photo_0378.jpg,50
photo_0379.jpg,50
photo_0380.jpg,50
photo_0381.jpg,50
photo_0382.jpg,50
photo_0383.jpg,50
photo_0384.jpg,50
photo_0385.jpg,50
photo_0386.jpg,50
photo_0387.jpg,50
photo_0388.jpg,50
photo_0389.jpg,50
photo_0390.jpg,50
photo_0391.jpg,50
photo_0392.jpg,50
photo_0393.jpg,50
photo_0394.jpg,50
photo_0395.jpg,50
photo_0396.jpg,50
photo_0397.jpg,50
photo_0398.jpg,50
photo_0399.jpg,50
photo_0400.jpg,50
photo_0401.jpg,50
photo_0402.jpg,50
photo_0403.jpg,50
photo_0404.jpg,50
photo_0405.jpg,65
photo_0406.jpg,65
photo_0407.jpg,80
photo_0408.jpg,80
photo_0409.jpg,80
photo_0410.jpg,80
photo_0411.jpg,95
photo_0412.jpg,95
photo_0413.jpg,95
photo_0414.jpg,95
photo_0415.jpg,95
photo_0416.jpg,95
photo_0417.jpg,95
photo_0418.jpg,95
photo_0419.jpg,95
photo_0420.jpg,95
photo_0421.jpg,110
photo_0422.jpg,110
photo_0423.jpg,110
photo_0424.jpg,110
photo_0425.jpg,110
photo_0426.jpg,110
photo_0427.jpg,110
photo_0428.jpg,110
photo_0429.jpg,110
photo_0430.jpg,110
photo_0431.jpg,110
photo_0432.jpg,110
photo_0433.jpg,110
photo_0434.jpg,110
photo_0435.jpg,110
photo_0436.jpg,110
photo_0437.jpg,110
photo_0438.jpg,110
photo_0439.jpg,110
photo_0440.jpg,110
photo_0441.jpg,110
photo_0442.jpg,110
photo_0443.jpg,110
photo_0444.jpg,110
photo_0445.jpg,95
photo_0446.jpg,95
photo_0447.jpg,95
photo_0448.jpg,95
photo_0449.jpg,95
photo_0450.jpg,95
photo_0451.jpg,95
photo_0452.jpg,95
photo_0453.jpg,95
photo_0454.jpg,95
photo_0455.jpg,95
photo_0456.jpg,95
photo_0457.jpg,95
photo_0458.jpg,95
photo_0459.jpg,95
photo_0460.jpg,95
photo_0461.jpg,95
photo_0462.jpg,95
photo_0463.jpg,95
photo_0464.jpg,95
photo_0465.jpg,95
photo_0466.jpg,95
photo_0467.jpg,95
photo_0468.jpg,95
photo_0469.jpg,95
photo_0470.jpg,95
photo_0471.jpg,95
photo_0472.jpg,95
photo_0473.jpg,95
photo_0474.jpg,95
photo_0475.jpg,80
photo_0476.jpg,80
photo_0477.jpg,80
photo_0478.jpg,80
photo_0479.jpg,95
photo_0480.jpg,95
photo_0481.jpg,95
photo_0482.jpg,95
photo_0483.jpg,95
photo_0484.jpg,95
photo_0485.jpg,95
photo_0486.jpg,95
photo_0487.jpg,95
photo_0488.jpg,95
photo_0489.jpg,95
photo_0490.jpg,95
photo_0491.jpg,95
photo_0492.jpg,95
photo_0493.jpg,95
photo_0494.jpg,95
photo_0495.jpg,95
photo_0496.jpg,95
photo_0497.jpg,80
photo_0498.jpg,80
photo_0499.jpg,80
photo_0500.jpg,80
photo_0501.jpg,95
photo_0502.jpg,95
photo_0503.jpg,95
photo_0504.jpg,95
photo_0505.jpg,95
photo_0506.jpg,95
photo_0507.jpg,95
photo_0508.jpg,95
photo_0509.jpg,95
photo_0510.jpg,95
photo_0511.jpg,95
photo_0512.jpg,95
photo_0513.jpg,95
photo_0514.jpg,95
photo_0515.jpg,95
photo_0516.jpg,80
photo_0517.jpg,80
photo_0518.jpg,80
photo_0519.jpg,80
photo_0520.jpg,80
photo_0521.jpg,65
photo_0522.jpg,65
photo_0523.jpg,65
photo_0524.jpg,65
photo_0525.jpg,65
photo_0526.jpg,65
photo_0527.jpg,65
photo_0528.jpg,65
photo_0529.jpg,65
photo_0530.jpg,65
photo_0531.jpg,65
photo_0532.jpg,65
photo_0533.jpg,65
photo_0534.jpg,65
photo_0535.jpg,65
photo_0536.jpg,65
photo_0537.jpg,65
photo_0538.jpg,65
photo_0539.jpg,65
photo_0540.jpg,65
photo_0541.jpg,65
photo_0542.jpg,65
photo_0543.jpg,65
photo_0544.jpg,65
photo_0545.jpg,65
photo_0546.jpg,65
photo_0547.jpg,65
photo_0548.jpg,65
photo_0549.jpg,65
photo_0550.jpg,65
photo_0551.jpg,65
photo_0552.jpg,65
photo_0553.jpg,65
photo_0554.jpg,65
photo_0555.jpg,65
photo_0556.jpg,65
photo_0557.jpg,65
photo_0558.jpg,65
photo_0559.jpg,65
photo_0560.jpg,65
photo_0561.jpg,65
photo_0562.jpg,65
photo_0563.jpg,65
photo_0564.jpg,65
photo_0565.jpg,80
photo_0566.jpg,80
photo_0567.jpg,80
photo_0568.jpg,80
photo_0569.jpg,95
photo_0570.jpg,95
photo_0571.jpg,95
photo_0572.jpg,95
photo_0573.jpg,95
photo_0574.jpg,95
photo_0575.jpg,95
photo_0576.jpg,95
photo_0577.jpg,95
photo_0578.jpg,95
photo_0579.jpg,95
photo_0580.jpg,95
photo_0581.jpg,95
photo_0582.jpg,95
photo_0583.jpg,95
photo_0584.jpg,95
photo_0585.jpg,95
photo_0586.jpg,95
photo_0587.jpg,95
photo_0588.jpg,95
photo_0589.jpg,80
photo_0590.jpg,80
photo_0591.jpg,80
photo_0592.jpg,80
photo_0593.jpg,80
photo_0594.jpg,95
photo_0595.jpg,95
photo_0596.jpg,95
photo_0597.jpg,95
photo_0598.jpg,95
photo_0599.jpg,95
photo_0600.jpg,95
photo_0601.jpg,95
photo_0602.jpg,95
photo_0603.jpg,95
photo_0604.jpg,95
photo_0605.jpg,95
photo_0606.jpg,95
photo_0607.jpg,95
photo_0608.jpg,95
photo_0609.jpg,95
photo_0610.jpg,95
photo_0611.jpg,95
photo_0612.jpg,95
photo_0613.jpg,95
photo_0614.jpg,95
photo_0615.jpg,95
photo_0616.jpg,80
photo_0617.jpg,80
photo_0618.jpg,80
photo_0619.jpg,80
photo_0620.jpg,80
photo_0621.jpg,80
photo_0622.jpg,80
photo_0623.jpg,80
photo_0624.jpg,80
photo_0625.jpg,80
photo_0626.jpg,80
photo_0627.jpg,95
photo_0628.jpg,95
photo_0629.jpg,95
photo_0630.jpg,95
photo_0631.jpg,95
photo_0632.jpg,110
photo_0633.jpg,110
photo_0634.jpg,110
photo_0635.jpg,110
photo_0636.jpg,110
photo_0637.jpg,110
photo_0638.jpg,110
photo_0639.jpg,110
photo_0640.jpg,125
photo_0641.jpg,125
photo_0642.jpg,125
photo_0643.jpg,125
photo_0644.jpg,125
photo_0645.jpg,125
photo_0646.jpg,110
photo_0647.jpg,110
photo_0648.jpg,110
photo_0649.jpg,110
photo_0650.jpg,110
photo_0651.jpg,110
photo_0652.jpg,110
photo_0653.jpg,110
photo_0654.jpg,110
photo_0655.jpg,110
photo_0656.jpg,110
photo_0657.jpg,110
photo_0658.jpg,110
photo_0659.jpg,110
photo_0660.jpg,110
photo_0661.jpg,110
photo_0662.jpg,110
photo_0663.jpg,95
photo_0664.jpg,95
photo_0665.jpg,95
photo_0666.jpg,95
photo_0667.jpg,95
photo_0668.jpg,95
photo_0669.jpg,95
photo_0670.jpg,95
photo_0671.jpg,80
photo_0672.jpg,80
photo_0673.jpg,80
photo_0674.jpg,80
photo_0675.jpg,65
photo_0676.jpg,65
photo_0677.jpg,65
photo_0678.jpg,65
photo_0679.jpg,65
photo_0680.jpg,65
photo_0681.jpg,65
photo_0682.jpg,65
photo_0683.jpg,65
photo_0684.jpg,65
photo_0685.jpg,65
photo_0686.jpg,65
photo_0687.jpg,65
photo_0688.jpg,65
photo_0689.jpg,65
photo_0690.jpg,65
photo_0691.jpg,65
photo_0692.jpg,65
photo_0693.jpg,65
photo_0694.jpg,65
photo_0695.jpg,65
photo_0696.jpg,65
photo_0697.jpg,65
photo_0698.jpg,65
photo_0699.jpg,65
photo_0700.jpg,65
photo_0701.jpg,65
photo_0702.jpg,65
photo_0703.jpg,65
photo_0704.jpg,65
photo_0705.jpg,50
photo_0706.jpg,50
photo_0707.jpg,50
photo_0708.jpg,50
photo_0709.jpg,50
photo_0710.jpg,50
photo_0711.jpg,50
photo_0712.jpg,50
photo_0713.jpg,50
photo_0714.jpg,50
photo_0715.jpg,50
photo_0716.jpg,50
photo_0717.jpg,50
photo_0718.jpg,50
photo_0719.jpg,50
photo_0720.jpg,50
photo_0721.jpg,50
photo_0722.jpg,50
photo_0723.jpg,50
photo_0724.jpg,50
photo_0725.jpg,50
photo_0726.jpg,50
photo_0727.jpg,50
photo_0728.jpg,50
photo_0729.jpg,50
photo_0730.jpg,50
photo_0731.jpg,65
photo_0732.jpg,65
photo_0733.jpg,65
photo_0734.jpg,80
photo_0735.jpg,80
photo_0736.jpg,80
photo_0737.jpg,80
photo_0738.jpg,95
photo_0739.jpg,95
photo_0740.jpg,95
photo_0741.jpg,95
photo_0742.jpg,95
photo_0743.jpg,95
photo_0744.jpg,95
photo_0745.jpg,95
photo_0746.jpg,95
photo_0747.jpg,95
photo_0748.jpg,95
photo_0749.jpg,95
photo_0750.jpg,95
photo_0751.jpg,95
photo_0752.jpg,95
photo_0753.jpg,95
photo_0754.jpg,95
photo_0755.jpg,95
photo_0756.jpg,95
photo_0757.jpg,95
photo_0758.jpg,95
photo_0759.jpg,95
photo_0760.jpg,95
photo_0761.jpg,95
photo_0762.jpg,95
photo_0763.jpg,110
photo_0764.jpg,110
photo_0765.jpg,110
photo_0766.jpg,110
photo_0767.jpg,110
photo_0768.jpg,110
photo_0769.jpg,110
photo_0770.jpg,110
photo_0771.jpg,95
photo_0772.jpg,95
photo_0773.jpg,95
photo_0774.jpg,80
photo_0775.jpg,80
photo_0776.jpg,80
photo_0777.jpg,80
photo_0778.jpg,80
photo_0779.jpg,80
photo_0780.jpg,80
photo_0781.jpg,80
photo_0782.jpg,95
photo_0783.jpg,95
photo_0784.jpg,95
photo_0785.jpg,95
photo_0786.jpg,95
photo_0787.jpg,80
photo_0788.jpg,80
photo_0789.jpg,80
photo_0790.jpg,80
photo_0791.jpg,65
photo_0792.jpg,65
photo_0793.jpg,65
photo_0794.jpg,65
photo_0795.jpg,65
photo_0796.jpg,65
photo_0797.jpg,65
photo_0798.jpg,65
photo_0799.jpg,65
photo_0800.jpg,65
photo_0801.jpg,50
photo_0802.jpg,50
photo_0803.jpg,50
photo_0804.jpg,50
photo_0805.jpg,50
photo_0806.jpg,50
photo_0807.jpg,50
photo_0808.jpg,50
photo_0809.jpg,50
photo_0810.jpg,50
photo_0811.jpg,50
photo_0812.jpg,50
photo_0813.jpg,50
photo_0814.jpg,50
photo_0815.jpg,50
photo_0816.jpg,50
photo_0817.jpg,50
photo_0818.jpg,50
photo_0819.jpg,50
photo_0820.jpg,50
photo_0821.jpg,50
photo_0822.jpg,50
photo_0823.jpg,50
photo_0824.jpg,50
photo_0825.jpg,50
photo_0826.jpg,50
photo_0827.jpg,50
photo_0828.jpg,50
photo_0829.jpg,50
photo_0830.jpg,50
photo_0831.jpg,50
photo_0832.jpg,50
photo_0833.jpg,50
photo_0834.jpg,50
photo_0835.jpg,50
photo_0836.jpg,50
photo_0837.jpg,50
photo_0838.jpg,50
photo_0839.jpg,50
photo_0840.jpg,65
photo_0841.jpg,65
photo_0842.jpg,65
photo_0843.jpg,65
photo_0844.jpg,80
photo_0845.jpg,80
photo_0846.jpg,80
photo_0847.jpg,95
photo_0848.jpg,95
photo_0849.jpg,95
photo_0850.jpg,95
photo_0851.jpg,95
photo_0852.jpg,95
photo_0853.jpg,95
photo_0854.jpg,95
photo_0855.jpg,95
photo_0856.jpg,110
photo_0857.jpg,110
photo_0858.jpg,110
photo_0859.jpg,110
photo_0860.jpg,110
photo_0861.jpg,110
photo_0862.jpg,110
photo_0863.jpg,110
photo_0864.jpg,110
photo_0865.jpg,110
photo_0866.jpg,110
photo_0867.jpg,110
photo_0868.jpg,110
photo_0869.jpg,110
photo_0870.jpg,110
photo_0871.jpg,110
photo_0872.jpg,110
photo_0873.jpg,110
photo_0874.jpg,110
photo_0875.jpg,110
photo_0876.jpg,110
photo_0877.jpg,95
photo_0878.jpg,95
photo_0879.jpg,95
photo_0880.jpg,95
photo_0881.jpg,95
photo_0882.jpg,95
photo_0883.jpg,95
photo_0884.jpg,95
photo_0885.jpg,95
photo_0886.jpg,95
photo_0887.jpg,95
photo_0888.jpg,95
photo_0889.jpg,95
photo_0890.jpg,95
photo_0891.jpg,95
photo_0892.jpg,95
photo_0893.jpg,95
photo_0894.jpg,95
photo_0895.jpg,95
photo_0896.jpg,95
photo_0897.jpg,95
photo_0898.jpg,95
photo_0899.jpg,95
photo_0900.jpg,95
photo_0901.jpg,95
photo_0902.jpg,95
photo_0903.jpg,95
photo_0904.jpg,95
photo_0905.jpg,95
photo_0906.jpg,95
photo_0907.jpg,95
photo_0908.jpg,95
photo_0909.jpg,95
photo_0910.jpg,95
photo_0911.jpg,95
photo_0912.jpg,95
photo_0913.jpg,95
photo_0914.jpg,95
photo_0915.jpg,95
photo_0916.jpg,95
photo_0917.jpg,80
photo_0918.jpg,80
photo_0919.jpg,80
photo_0920.jpg,95
photo_0921.jpg,95
photo_0922.jpg,95
photo_0923.jpg,95
photo_0924.jpg,95
photo_0925.jpg,95
photo_0926.jpg,95
photo_0927.jpg,95
photo_0928.jpg,95
photo_0929.jpg,95
photo_0930.jpg,95
photo_0931.jpg,95
photo_0932.jpg,95
photo_0933.jpg,95
photo_0934.jpg,95
photo_0935.jpg,95
photo_0936.jpg,95
photo_0937.jpg,80
photo_0938.jpg,80
photo_0939.jpg,80
photo_0940.jpg,95
photo_0941.jpg,95
photo_0942.jpg,95
photo_0943.jpg,95
photo_0944.jpg,95
photo_0945.jpg,95
photo_0946.jpg,80
photo_0947.jpg,80
photo_0948.jpg,80
photo_0949.jpg,80
photo_0950.jpg,80
photo_0951.jpg,80
photo_0952.jpg,80
photo_0953.jpg,80
photo_0954.jpg,65
photo_0955.jpg,65
photo_0956.jpg,65
photo_0957.jpg,65
photo_0958.jpg,65
photo_0959.jpg,65
photo_0960.jpg,65
photo_0961.jpg,65
photo_0962.jpg,65
photo_0963.jpg,65
photo_0964.jpg,65
photo_0965.jpg,65
photo_0966.jpg,65
photo_0967.jpg,65
photo_0968.jpg,65
photo_0969.jpg,65
photo_0970.jpg,65
photo_0971.jpg,65
photo_0972.jpg,65
photo_0973.jpg,65
photo_0974.jpg,65
photo_0975.jpg,65
photo_0976.jpg,65
photo_0977.jpg,65
photo_0978.jpg,65
photo_0979.jpg,65
photo_0980.jpg,65
photo_0981.jpg,65
photo_0982.jpg,65
photo_0983.jpg,65
photo_0984.jpg,65
photo_0985.jpg,65
photo_0986.jpg,65
photo_0987.jpg,65
photo_0988.jpg,65
photo_0989.jpg,65
photo_0990.jpg,65
photo_0991.jpg,65
photo_0992.jpg,65
photo_0993.jpg,65
photo_0994.jpg,65
photo_0995.jpg,65
photo_0996.jpg,80
photo_0997.jpg,80
photo_0998.jpg,80
photo_0999.jpg,95
photo_1000.jpg,95
photo_1001.jpg,95
photo_1002.jpg,95
photo_1003.jpg,95
photo_1004.jpg,95
photo_1005.jpg,95
photo_1006.jpg,95
photo_1007.jpg,95
photo_1008.jpg,95
photo_1009.jpg,95
photo_1010.jpg,95
photo_1011.jpg,95
photo_1012.jpg,95
photo_1013.jpg,95
photo_1014.jpg,95
photo_1015.jpg,95
photo_1016.jpg,95
photo_1017.jpg,95
photo_1018.jpg,95
photo_1019.jpg,95
photo_1020.jpg,95
photo_1021.jpg,95
photo_1022.jpg,95
photo_1023.jpg,95
photo_1024.jpg,95
photo_1025.jpg,95
photo_1026.jpg,95
photo_1027.jpg,80
photo_1028.jpg,80
photo_1029.jpg,80
photo_1030.jpg,80
photo_1031.jpg,80
photo_1032.jpg,95
photo_1033.jpg,95
photo_1034.jpg,95
photo_1035.jpg,95
photo_1036.jpg,95
photo_1037.jpg,95
photo_1038.jpg,95
photo_1039.jpg,95
photo_1040.jpg,95
photo_1041.jpg,95
photo_1042.jpg,95
photo_1043.jpg,80
photo_1044.jpg,80
photo_1045.jpg,80
photo_1046.jpg,80
photo_1047.jpg,80
photo_1048.jpg,80
photo_1049.jpg,80
photo_1050.jpg,80
photo_1051.jpg,80
photo_1052.jpg,80
photo_1053.jpg,95
photo_1054.jpg,95
photo_1055.jpg,95
photo_1056.jpg,95
photo_1057.jpg,95
photo_1058.jpg,110
photo_1059.jpg,110
photo_1060.jpg,110
photo_1061.jpg,110
photo_1062.jpg,110
photo_1063.jpg,110
photo_1064.jpg,110
photo_1065.jpg,110
photo_1066.jpg,110
photo_1067.jpg,110
photo_1068.jpg,95
photo_1069.jpg,95
photo_1070.jpg,95
photo_1071.jpg,95
photo_1072.jpg,110
photo_1073.jpg,110
photo_1074.jpg,110
photo_1075.jpg,110
photo_1076.jpg,125
photo_1077.jpg,125
photo_1078.jpg,125
photo_1079.jpg,125
photo_1080.jpg,125
photo_1081.jpg,125
photo_1082.jpg,125
photo_1083.jpg,125
photo_1084.jpg,110
photo_1085.jpg,110
photo_1086.jpg,110
photo_1087.jpg,110
photo_1088.jpg,110
photo_1089.jpg,95
photo_1090.jpg,95
photo_1091.jpg,95
photo_1092.jpg,95
photo_1093.jpg,95
photo_1094.jpg,95
photo_1095.jpg,95
photo_1096.jpg,95
photo_1097.jpg,95
photo_1098.jpg,95
photo_1099.jpg,95
photo_1100.jpg,95
photo_1101.jpg,95
photo_1102.jpg,80
photo_1103.jpg,80
photo_1104.jpg,80
photo_1105.jpg,65
photo_1106.jpg,65
photo_1107.jpg,65
photo_1108.jpg,65
photo_1109.jpg,65
photo_1110.jpg,65
photo_1111.jpg,65
photo_1112.jpg,65
photo_1113.jpg,65
photo_1114.jpg,65
photo_1115.jpg,65
photo_1116.jpg,65
photo_1117.jpg,65
photo_1118.jpg,65
photo_1119.jpg,65
photo_1120.jpg,65
photo_1121.jpg,65
photo_1122.jpg,65
photo_1123.jpg,65
photo_1124.jpg,65
photo_1125.jpg,65
photo_1126.jpg,65
photo_1127.jpg,65
photo_1128.jpg,65
photo_1129.jpg,65
photo_1130.jpg,65
photo_1131.jpg,65
photo_1132.jpg,65
photo_1133.jpg,65
photo_1134.jpg,50
photo_1135.jpg,50
photo_1136.jpg,50
photo_1137.jpg,50
photo_1138.jpg,50
photo_1139.jpg,50
photo_1140.jpg,50
photo_1141.jpg,50
photo_1142.jpg,50
photo_1143.jpg,50
photo_1144.jpg,50
photo_1145.jpg,50
photo_1146.jpg,50
photo_1147.jpg,50
photo_1148.jpg,50
photo_1149.jpg,50
photo_1150.jpg,50
photo_1151.jpg,50
photo_1152.jpg,50
photo_1153.jpg,50
photo_1154.jpg,50
photo_1155.jpg,50
photo_1156.jpg,50
photo_1157.jpg,65
photo_1158.jpg,65
photo_1159.jpg,65
photo_1160.jpg,65
photo_1161.jpg,65
photo_1162.jpg,80
photo_1163.jpg,80
photo_1164.jpg,80
photo_1165.jpg,80
photo_1166.jpg,95
photo_1167.jpg,95
photo_1168.jpg,95
photo_1169.jpg,95
photo_1170.jpg,95
photo_1171.jpg,95
photo_1172.jpg,95
photo_1173.jpg,95
photo_1174.jpg,95
photo_1175.jpg,95
photo_1176.jpg,95
photo_1177.jpg,95
photo_1178.jpg,95
photo_1179.jpg,95
photo_1180.jpg,95
photo_1181.jpg,95
photo_1182.jpg,95
photo_1183.jpg,95
photo_1184.jpg,95
photo_1185.jpg,110
photo_1186.jpg,110
photo_1187.jpg,110
photo_1188.jpg,110
photo_1189.jpg,110
photo_1190.jpg,110
photo_1191.jpg,95
photo_1192.jpg,95
photo_1193.jpg,95
photo_1194.jpg,95
photo_1195.jpg,95
photo_1196.jpg,95
photo_1197.jpg,95
photo_1198.jpg,95
photo_1199.jpg,95
photo_1200.jpg,95
photo_1201.jpg,95
photo_1202.jpg,95
photo_1203.jpg,95
photo_1204.jpg,95
photo_1205.jpg,95
photo_1206.jpg,95
photo_1207.jpg,95
photo_1208.jpg,95
photo_1209.jpg,80
photo_1210.jpg,80
photo_1211.jpg,80
photo_1212.jpg,80
photo_1213.jpg,95
photo_1214.jpg,95
photo_1215.jpg,95
photo_1216.jpg,80
photo_1217.jpg,80
photo_1218.jpg,65
photo_1219.jpg,65
photo_1220.jpg,65
photo_1221.jpg,65
photo_1222.jpg,50
photo_1223.jpg,50
photo_1224.jpg,50
photo_1225.jpg,50
photo_1226.jpg,50
photo_1227.jpg,50
photo_1228.jpg,50
photo_1229.jpg,50
photo_1230.jpg,50
photo_1231.jpg,50
photo_1232.jpg,50
photo_1233.jpg,50
photo_1234.jpg,50
photo_1235.jpg,50
photo_1236.jpg,50
photo_1237.jpg,50
photo_1238.jpg,50
photo_1239.jpg,50
photo_1240.jpg,50
photo_1241.jpg,50
photo_1242.jpg,50
photo_1243.jpg,50
photo_1244.jpg,50
photo_1245.jpg,50
photo_1246.jpg,50
photo_1247.jpg,50
photo_1248.jpg,50
photo_1249.jpg,50
photo_1250.jpg,50
photo_1251.jpg,50
photo_1252.jpg,50
photo_1253.jpg,50
photo_1254.jpg,50
photo_1255.jpg,50
photo_1256.jpg,50
photo_1257.jpg,50
photo_1258.jpg,50
photo_1259.jpg,50
photo_1260.jpg,50
photo_1261.jpg,50
photo_1262.jpg,50
photo_1263.jpg,50
photo_1264.jpg,50
photo_1265.jpg,65
photo_1266.jpg,65
photo_1267.jpg,65
photo_1268.jpg,80
photo_1269.jpg,80
photo_1270.jpg,80
photo_1271.jpg,95
photo_1272.jpg,95
photo_1273.jpg,95
photo_1274.jpg,95
photo_1275.jpg,95
photo_1276.jpg,95
photo_1277.jpg,95
photo_1278.jpg,95
photo_1279.jpg,95
photo_1280.jpg,95
photo_1281.jpg,95
photo_1282.jpg,95
photo_1283.jpg,110
photo_1284.jpg,110
photo_1285.jpg,110
photo_1286.jpg,110
photo_1287.jpg,110
photo_1288.jpg,110
photo_1289.jpg,110
photo_1290.jpg,110
photo_1291.jpg,110
photo_1292.jpg,110
photo_1293.jpg,110
photo_1294.jpg,110
photo_1295.jpg,110
photo_1296.jpg,110
photo_1297.jpg,110
photo_1298.jpg,110
photo_1299.jpg,110
photo_1300.jpg,110
photo_1301.jpg,110
photo_1302.jpg,110
photo_1303.jpg,110
photo_1304.jpg,95
photo_1305.jpg,95
photo_1306.jpg,95
photo_1307.jpg,95
photo_1308.jpg,95
photo_1309.jpg,95
photo_1310.jpg,95
photo_1311.jpg,95
photo_1312.jpg,95
photo_1313.jpg,95
photo_1314.jpg,95
photo_1315.jpg,95
photo_1316.jpg,95
photo_1317.jpg,95
photo_1318.jpg,95
photo_1319.jpg,95
photo_1320.jpg,95
photo_1321.jpg,95
photo_1322.jpg,95
photo_1323.jpg,95
photo_1324.jpg,95
photo_1325.jpg,95
photo_1326.jpg,95
photo_1327.jpg,95
photo_1328.jpg,95
photo_1329.jpg,95
photo_1330.jpg,95
photo_1331.jpg,95
photo_1332.jpg,95
photo_1333.jpg,95
photo_1334.jpg,95
photo_1335.jpg,95
photo_1336.jpg,95
photo_1337.jpg,95
photo_1338.jpg,95
photo_1339.jpg,95
photo_1340.jpg,95
photo_1341.jpg,95
photo_1342.jpg,80
photo_1343.jpg,80
photo_1344.jpg,80
photo_1345.jpg,95
photo_1346.jpg,95
photo_1347.jpg,95
photo_1348.jpg,95
photo_1349.jpg,95
photo_1350.jpg,95
photo_1351.jpg,95
photo_1352.jpg,95
photo_1353.jpg,95
photo_1354.jpg,95
photo_1355.jpg,95
photo_1356.jpg,95
photo_1357.jpg,95
photo_1358.jpg,95
photo_1359.jpg,95
photo_1360.jpg,95
photo_1361.jpg,95
photo_1362.jpg,95
photo_1363.jpg,95
photo_1364.jpg,95
photo_1365.jpg,95
photo_1366.jpg,80
photo_1367.jpg,80
photo_1368.jpg,80
photo_1369.jpg,95
photo_1370.jpg,95
photo_1371.jpg,95
photo_1372.jpg,95
photo_1373.jpg,80
photo_1374.jpg,80
photo_1375.jpg,80
photo_1376.jpg,80
photo_1377.jpg,80
photo_1378.jpg,80
photo_1379.jpg,65
photo_1380.jpg,65
photo_1381.jpg,65
photo_1382.jpg,65
photo_1383.jpg,65
photo_1384.jpg,65
photo_1385.jpg,65
photo_1386.jpg,65
photo_1387.jpg,65
photo_1388.jpg,65
photo_1389.jpg,65
photo_1390.jpg,65
photo_1391.jpg,65
photo_1392.jpg,65
photo_1393.jpg,65
photo_1394.jpg,65
photo_1395.jpg,65
photo_1396.jpg,65
photo_1397.jpg,65
photo_1398.jpg,65
photo_1399.jpg,65
photo_1400.jpg,65
photo_1401.jpg,65
photo_1402.jpg,65
photo_1403.jpg,65
photo_1404.jpg,65
photo_1405.jpg,65
photo_1406.jpg,65
photo_1407.jpg,65
photo_1408.jpg,65
photo_1409.jpg,65
photo_1410.jpg,65
photo_1411.jpg,65
photo_1412.jpg,65
photo_1413.jpg,65
photo_1414.jpg,65
photo_1415.jpg,65
photo_1416.jpg,65
photo_1417.jpg,65
photo_1418.jpg,65
photo_1419.jpg,65
photo_1420.jpg,65
photo_1421.jpg,80
photo_1422.jpg,80
photo_1423.jpg,80
photo_1424.jpg,80
photo_1425.jpg,80
photo_1426.jpg,95
photo_1427.jpg,95
photo_1428.jpg,95
photo_1429.jpg,95
photo_1430.jpg,95
photo_1431.jpg,95
photo_1432.jpg,95
photo_1433.jpg,95
photo_1434.jpg,95
photo_1435.jpg,95
photo_1436.jpg,95
photo_1437.jpg,95
photo_1438.jpg,95
photo_1439.jpg,95
photo_1440.jpg,95
photo_1441.jpg,80
photo_1442.jpg,80
photo_1443.jpg,80
photo_1444.jpg,80
photo_1445.jpg,80
photo_1446.jpg,95
photo_1447.jpg,95
photo_1448.jpg,95
photo_1449.jpg,95
photo_1450.jpg,95
photo_1451.jpg,95
photo_1452.jpg,95
photo_1453.jpg,95
photo_1454.jpg,95
photo_1455.jpg,95
photo_1456.jpg,95
photo_1457.jpg,95
photo_1458.jpg,95
photo_1459.jpg,95
photo_1460.jpg,95
photo_1461.jpg,95
photo_1462.jpg,95
photo_1463.jpg,95
photo_1464.jpg,95
photo_1465.jpg,95
photo_1466.jpg,95
photo_1467.jpg,95
photo_1468.jpg,80
photo_1469.jpg,80
photo_1470.jpg,80
photo_1471.jpg,80
photo_1472.jpg,80
photo_1473.jpg,80
photo_1474.jpg,80
photo_1475.jpg,80
photo_1476.jpg,80
photo_1477.jpg,80
photo_1478.jpg,80
photo_1479.jpg,80
photo_1480.jpg,80
photo_1481.jpg,80
photo_1482.jpg,80
photo_1483.jpg,95
photo_1484.jpg,95
photo_1485.jpg,95
photo_1486.jpg,95
photo_1487.jpg,110
photo_1488.jpg,110
photo_1489.jpg,110
photo_1490.jpg,110
photo_1491.jpg,110
photo_1492.jpg,110
photo_1493.jpg,110
photo_1494.jpg,110
photo_1495.jpg,110
photo_1496.jpg,110
photo_1497.jpg,110
photo_1498.jpg,110
photo_1499.jpg,125
photo_1500.jpg,125
photo_1501.jpg,125
photo_1502.jpg,125
photo_1503.jpg,125
photo_1504.jpg,125
photo_1505.jpg,125
photo_1506.jpg,125
photo_1507.jpg,125
photo_1508.jpg,125
photo_1509.jpg,125
photo_1510.jpg,125
photo_1511.jpg,125
photo_1512.jpg,110
photo_1513.jpg,110
photo_1514.jpg,110
photo_1515.jpg,110
photo_1516.jpg,110
photo_1517.jpg,95
photo_1518.jpg,95
photo_1519.jpg,95
photo_1520.jpg,95
photo_1521.jpg,95
photo_1522.jpg,95
photo_1523.jpg,95
photo_1524.jpg,95
photo_1525.jpg,95
photo_1526.jpg,95
photo_1527.jpg,95
photo_1528.jpg,95
photo_1529.jpg,95
photo_1530.jpg,95
photo_1531.jpg,95
photo_1532.jpg,95
photo_1533.jpg,95
photo_1534.jpg,95
photo_1535.jpg,80
photo_1536.jpg,80
photo_1537.jpg,80
photo_1538.jpg,80
photo_1539.jpg,80
photo_1540.jpg,80
photo_1541.jpg,65
photo_1542.jpg,65
photo_1543.jpg,65
photo_1544.jpg,65
photo_1545.jpg,65
photo_1546.jpg,65
photo_1547.jpg,65
photo_1548.jpg,65
photo_1549.jpg,65
photo_1550.jpg,65
photo_1551.jpg,65
photo_1552.jpg,65
photo_1553.jpg,65
photo_1554.jpg,65
photo_1555.jpg,65
photo_1556.jpg,65
photo_1557.jpg,65
photo_1558.jpg,65
photo_1559.jpg,65
photo_1560.jpg,65
photo_1561.jpg,65
photo_1562.jpg,50
photo_1563.jpg,50
photo_1564.jpg,50
photo_1565.jpg,50
photo_1566.jpg,50
photo_1567.jpg,50
photo_1568.jpg,50
photo_1569.jpg,50
photo_1570.jpg,50
photo_1571.jpg,50
photo_1572.jpg,50
photo_1573.jpg,50
photo_1574.jpg,50
photo_1575.jpg,50
photo_1576.jpg,50
photo_1577.jpg,50
photo_1578.jpg,50
photo_1579.jpg,50
photo_1580.jpg,50
photo_1581.jpg,50
photo_1582.jpg,50
photo_1583.jpg,50
photo_1584.jpg,50
photo_1585.jpg,50
photo_1586.jpg,50
photo_1587.jpg,50
photo_1588.jpg,50
photo_1589.jpg,50
photo_1590.jpg,50
photo_1591.jpg,50
photo_1592.jpg,50
photo_1593.jpg,50
photo_1594.jpg,50
photo_1595.jpg,50
photo_1596.jpg,65
photo_1597.jpg,65
photo_1598.jpg,65
photo_1599.jpg,65
photo_1600.jpg,65
photo_1601.jpg,80
photo_1602.jpg,80
photo_1603.jpg,80
photo_1604.jpg,80
photo_1605.jpg,95
photo_1606.jpg,95
photo_1607.jpg,95
photo_1608.jpg,95
photo_1609.jpg,95
photo_1610.jpg,95
photo_1611.jpg,95
photo_1612.jpg,95
photo_1613.jpg,95
photo_1614.jpg,95
photo_1615.jpg,95
photo_1616.jpg,95
photo_1617.jpg,95
photo_1618.jpg,95
photo_1619.jpg,95
photo_1620.jpg,110
photo_1621.jpg,110
photo_1622.jpg,110
photo_1623.jpg,110
photo_1624.jpg,110
photo_1625.jpg,110
photo_1626.jpg,110
photo_1627.jpg,95
photo_1628.jpg,95
photo_1629.jpg,95
photo_1630.jpg,95
photo_1631.jpg,95
photo_1632.jpg,95
photo_1633.jpg,95
photo_1634.jpg,95
photo_1635.jpg,95
photo_1636.jpg,95
photo_1637.jpg,110
photo_1638.jpg,110
photo_1639.jpg,110
photo_1640.jpg,110
photo_1641.jpg,95
photo_1642.jpg,95
photo_1643.jpg,95
photo_1644.jpg,95
photo_1645.jpg,80
photo_1646.jpg,80
photo_1647.jpg,80
photo_1648.jpg,80
photo_1649.jpg,80
photo_1650.jpg,80
photo_1651.jpg,80
photo_1652.jpg,80
photo_1653.jpg,80
photo_1654.jpg,95
photo_1655.jpg,95
photo_1656.jpg,95
photo_1657.jpg,80
photo_1658.jpg,80
photo_1659.jpg,80
photo_1660.jpg,65
photo_1661.jpg,65
photo_1662.jpg,65
photo_1663.jpg,65
photo_1664.jpg,65
photo_1665.jpg,65
photo_1666.jpg,65
photo_1667.jpg,65
photo_1668.jpg,50
photo_1669.jpg,50
photo_1670.jpg,50
photo_1671.jpg,50
photo_1672.jpg,50
photo_1673.jpg,50
photo_1674.jpg,50
photo_1675.jpg,50
photo_1676.jpg,50
photo_1677.jpg,50
photo_1678.jpg,50
photo_1679.jpg,50
photo_1680.jpg,50
photo_1681.jpg,50
photo_1682.jpg,50
photo_1683.jpg,50
photo_1684.jpg,50
photo_1685.jpg,50
photo_1686.jpg,50
photo_1687.jpg,50
photo_1688.jpg,50
photo_1689.jpg,50
photo_1690.jpg,50
photo_1691.jpg,50
photo_1692.jpg,50
photo_1693.jpg,50
photo_1694.jpg,50
photo_1695.jpg,50
photo_1696.jpg,50
photo_1697.jpg,50
photo_1698.jpg,50
photo_1699.jpg,50
photo_1700.jpg,50
photo_1701.jpg,50
photo_1702.jpg,50
photo_1703.jpg,50
photo_1704.jpg,50
photo_1705.jpg,50
photo_1706.jpg,50
photo_1707.jpg,50
photo_1708.jpg,50
photo_1709.jpg,50
photo_1710.jpg,50
photo_1711.jpg,50
photo_1712.jpg,50
photo_1713.jpg,50
photo_1714.jpg,50
photo_1715.jpg,65
photo_1716.jpg,65
photo_1717.jpg,65
photo_1718.jpg,80
photo_1719.jpg,80
photo_1720.jpg,80
photo_1721.jpg,95
photo_1722.jpg,95
photo_1723.jpg,95
photo_1724.jpg,95
photo_1725.jpg,110
photo_1726.jpg,110
photo_1727.jpg,110
photo_1728.jpg,110
photo_1729.jpg,110
photo_1730.jpg,110
photo_1731.jpg,110
photo_1732.jpg,110
photo_1733.jpg,110
photo_1734.jpg,110
photo_1735.jpg,110
photo_1736.jpg,110
photo_1737.jpg,110
photo_1738.jpg,110
photo_1739.jpg,110
photo_1740.jpg,110
photo_1741.jpg,110
photo_1742.jpg,110
photo_1743.jpg,110
photo_1744.jpg,110
photo_1745.jpg,110
photo_1746.jpg,110
photo_1747.jpg,110
photo_1748.jpg,110
photo_1749.jpg,110
photo_1750.jpg,110
photo_1751.jpg,110
photo_1752.jpg,110
photo_1753.jpg,110
photo_1754.jpg,110
photo_1755.jpg,110
photo_1756.jpg,95
photo_1757.jpg,95
photo_1758.jpg,95
photo_1759.jpg,95
photo_1760.jpg,95
photo_1761.jpg,95
photo_1762.jpg,95
photo_1763.jpg,80
photo_1764.jpg,80
photo_1765.jpg,80
photo_1766.jpg,80
photo_1767.jpg,95
photo_1768.jpg,95
photo_1769.jpg,95
photo_1770.jpg,95
photo_1771.jpg,95
photo_1772.jpg,95
photo_1773.jpg,95
photo_1774.jpg,95
photo_1775.jpg,95
photo_1776.jpg,95
photo_1777.jpg,95
photo_1778.jpg,95
photo_1779.jpg,95
photo_1780.jpg,95
photo_1781.jpg,95
photo_1782.jpg,95
photo_1783.jpg,95
photo_1784.jpg,95
photo_1785.jpg,95
photo_1786.jpg,95
photo_1787.jpg,95
photo_1788.jpg,95
photo_1789.jpg,95
photo_1790.jpg,95
photo_1791.jpg,95
photo_1792.jpg,80
photo_1793.jpg,80
photo_1794.jpg,80
photo_1795.jpg,80
photo_1796.jpg,95
photo_1797.jpg,95
photo_1798.jpg,95
photo_1799.jpg,95
photo_1800.jpg,95
photo_1801.jpg,95
photo_1802.jpg,95
photo_1803.jpg,95
photo_1804.jpg,95
photo_1805.jpg,95
photo_1806.jpg,95
photo_1807.jpg,95
photo_1808.jpg,95
photo_1809.jpg,95
photo_1810.jpg,95
photo_1811.jpg,95
photo_1812.jpg,95
photo_1813.jpg,95
photo_1814.jpg,95
photo_1815.jpg,95
photo_1816.jpg,95
photo_1817.jpg,95
photo_1818.jpg,95
photo_1819.jpg,95
photo_1820.jpg,95
photo_1821.jpg,95
photo_1822.jpg,95
photo_1823.jpg,80
photo_1824.jpg,80
photo_1825.jpg,80
photo_1826.jpg,80
photo_1827.jpg,80
photo_1828.jpg,80
photo_1829.jpg,80
photo_1830.jpg,80
photo_1831.jpg,80
photo_1832.jpg,80
photo_1833.jpg,80
photo_1834.jpg,65
photo_1835.jpg,65
photo_1836.jpg,65
photo_1837.jpg,65
photo_1838.jpg,65
photo_1839.jpg,65
photo_1840.jpg,65
photo_1841.jpg,65
photo_1842.jpg,65
photo_1843.jpg,65
photo_1844.jpg,65
photo_1845.jpg,65
photo_1846.jpg,65
photo_1847.jpg,65
photo_1848.jpg,65
photo_1849.jpg,65
photo_1850.jpg,65
photo_1851.jpg,65
photo_1852.jpg,65
photo_1853.jpg,65
photo_1854.jpg,65
photo_1855.jpg,65
photo_1856.jpg,65
photo_1857.jpg,65
photo_1858.jpg,65
photo_1859.jpg,65
photo_1860.jpg,65
photo_1861.jpg,65
photo_1862.jpg,65
photo_1863.jpg,65
photo_1864.jpg,65
photo_1865.jpg,65
photo_1866.jpg,65
photo_1867.jpg,65
photo_1868.jpg,65
photo_1869.jpg,65
photo_1870.jpg,65
photo_1871.jpg,65
photo_1872.jpg,65
photo_1873.jpg,65
photo_1874.jpg,65
photo_1875.jpg,65
photo_1876.jpg,65
photo_1877.jpg,80
photo_1878.jpg,80
photo_1879.jpg,80
photo_1880.jpg,80
photo_1881.jpg,95
photo_1882.jpg,95
photo_1883.jpg,95
photo_1884.jpg,95
photo_1885.jpg,95
photo_1886.jpg,95
photo_1887.jpg,95
photo_1888.jpg,95
photo_1889.jpg,95
photo_1890.jpg,95
photo_1891.jpg,95
photo_1892.jpg,95
photo_1893.jpg,95
photo_1894.jpg,95
photo_1895.jpg,95
photo_1896.jpg,95
photo_1897.jpg,95
photo_1898.jpg,95
photo_1899.jpg,95
photo_1900.jpg,95
photo_1901.jpg,95
photo_1902.jpg,95
photo_1903.jpg,95
photo_1904.jpg,95
photo_1905.jpg,95
photo_1906.jpg,95
photo_1907.jpg,95
photo_1908.jpg,95
photo_1909.jpg,95
photo_1910.jpg,95
photo_1911.jpg,95
photo_1912.jpg,95
photo_1913.jpg,95
photo_1914.jpg,95
photo_1915.jpg,95
photo_1916.jpg,95
photo_1917.jpg,95
photo_1918.jpg,95
photo_1919.jpg,95
photo_1920.jpg,80
photo_1921.jpg,80
photo_1922.jpg,80
photo_1923.jpg,80
photo_1924.jpg,80
photo_1925.jpg,80
photo_1926.jpg,80
photo_1927.jpg,80
photo_1928.jpg,80
photo_1929.jpg,80
photo_1930.jpg,80
photo_1931.jpg,80
photo_1932.jpg,80
photo_1933.jpg,80
photo_1934.jpg,95
photo_1935.jpg,95
photo_1936.jpg,95
photo_1937.jpg,110
photo_1938.jpg,110
photo_1939.jpg,110
photo_1940.jpg,110
photo_1941.jpg,110
photo_1942.jpg,110
photo_1943.jpg,95
photo_1944.jpg,95
photo_1945.jpg,95
photo_1946.jpg,95
photo_1947.jpg,110
photo_1948.jpg,110
photo_1949.jpg,110
photo_1950.jpg,110
photo_1951.jpg,110
photo_1952.jpg,110
photo_1953.jpg,110
photo_1954.jpg,110
photo_1955.jpg,110
photo_1956.jpg,110
photo_1957.jpg,110
photo_1958.jpg,110
photo_1959.jpg,110
photo_1960.jpg,125
photo_1961.jpg,125
photo_1962.jpg,125
photo_1963.jpg,125
photo_1964.jpg,125
photo_1965.jpg,125
photo_1966.jpg,125
photo_1967.jpg,125
photo_1968.jpg,125
photo_1969.jpg,110
photo_1970.jpg,110
photo_1971.jpg,110
photo_1972.jpg,110
photo_1973.jpg,110
photo_1974.jpg,110
photo_1975.jpg,110
photo_1976.jpg,95
photo_1977.jpg,95
photo_1978.jpg,95
photo_1979.jpg,95
photo_1980.jpg,95
photo_1981.jpg,95
photo_1982.jpg,95
photo_1983.jpg,95
photo_1984.jpg,95
photo_1985.jpg,80
photo_1986.jpg,80
photo_1987.jpg,80
photo_1988.jpg,80
photo_1989.jpg,80
photo_1990.jpg,65
photo_1991.jpg,65
photo_1992.jpg,65
photo_1993.jpg,65
photo_1994.jpg,65
photo_1995.jpg,65
photo_1996.jpg,65
photo_1997.jpg,65
photo_1998.jpg,65
photo_1999.jpg,65
photo_2000.jpg,65
photo_2001.jpg,65
photo_2002.jpg,65
photo_2003.jpg,65
photo_2004.jpg,65
photo_2005.jpg,65
photo_2006.jpg,65
photo_2007.jpg,65
photo_2008.jpg,65
photo_2009.jpg,65
photo_2010.jpg,65
photo_2011.jpg,65
photo_2012.jpg,65
photo_2013.jpg,65
photo_2014.jpg,65
photo_2015.jpg,65
photo_2016.jpg,65
photo_2017.jpg,65
photo_2018.jpg,65
photo_2019.jpg,65
photo_2020.jpg,65
photo_2021.jpg,65
photo_2022.jpg,65
photo_2023.jpg,65
photo_2024.jpg,65
photo_2025.jpg,65
photo_2026.jpg,65
photo_2027.jpg,50
photo_2028.jpg,50
photo_2029.jpg,50
photo_2030.jpg,50
photo_2031.jpg,50
photo_2032.jpg,50
photo_2033.jpg,50
photo_2034.jpg,50
photo_2035.jpg,50
photo_2036.jpg,50
photo_2037.jpg,50
photo_2038.jpg,50
photo_2039.jpg,50
photo_2040.jpg,50
photo_2041.jpg,50
photo_2042.jpg,50
photo_2043.jpg,50
photo_2044.jpg,50
photo_2045.jpg,50
photo_2046.jpg,65
photo_2047.jpg,65
photo_2048.jpg,65
photo_2049.jpg,65
photo_2050.jpg,80
photo_2051.jpg,80
photo_2052.jpg,80
photo_2053.jpg,80
photo_2054.jpg,80
photo_2055.jpg,80
photo_2056.jpg,95
photo_2057.jpg,95
photo_2058.jpg,95
photo_2059.jpg,95
photo_2060.jpg,95
photo_2061.jpg,95
photo_2062.jpg,95
photo_2063.jpg,95
photo_2064.jpg,95
photo_2065.jpg,80
photo_2066.jpg,80
photo_2067.jpg,80
photo_2068.jpg,80
photo_2069.jpg,95
photo_2070.jpg,95
photo_2071.jpg,95
photo_2072.jpg,95
photo_2073.jpg,95
photo_2074.jpg,110
photo_2075.jpg,110
photo_2076.jpg,110
photo_2077.jpg,110
photo_2078.jpg,110
photo_2079.jpg,110
photo_2080.jpg,110
photo_2081.jpg,110
photo_2082.jpg,110
photo_2083.jpg,110
photo_2084.jpg,110
photo_2085.jpg,95
photo_2086.jpg,95
photo_2087.jpg,95
photo_2088.jpg,95
photo_2089.jpg,95
photo_2090.jpg,95
photo_2091.jpg,95
photo_2092.jpg,95
photo_2093.jpg,95
photo_2094.jpg,95
photo_2095.jpg,95
photo_2096.jpg,95
photo_2097.jpg,80
photo_2098.jpg,80
photo_2099.jpg,80
photo_2100.jpg,80
photo_2101.jpg,80
photo_2102.jpg,80
photo_2103.jpg,80
photo_2104.jpg,80
photo_2105.jpg,95
photo_2106.jpg,95
photo_2107.jpg,95
photo_2108.jpg,95
photo_2109.jpg,80
photo_2110.jpg,80
photo_2111.jpg,80
photo_2112.jpg,80
photo_2113.jpg,65
photo_2114.jpg,65
photo_2115.jpg,65
photo_2116.jpg,65
photo_2117.jpg,65
photo_2118.jpg,50
photo_2119.jpg,50
photo_2120.jpg,50
photo_2121.jpg,50
photo_2122.jpg,50
photo_2123.jpg,50
photo_2124.jpg,50
photo_2125.jpg,50
photo_2126.jpg,50
photo_2127.jpg,50
photo_2128.jpg,50
photo_2129.jpg,50
photo_2130.jpg,50
photo_2131.jpg,50
photo_2132.jpg,50
photo_2133.jpg,50
photo_2134.jpg,50
photo_2135.jpg,50
photo_2136.jpg,50
photo_2137.jpg,50
photo_2138.jpg,50
photo_2139.jpg,50
photo_2140.jpg,50
photo_2141.jpg,50
photo_2142.jpg,50
photo_2143.jpg,50
photo_2144.jpg,50
photo_2145.jpg,50
photo_2146.jpg,50
photo_2147.jpg,50
photo_2148.jpg,50
photo_2149.jpg,50
photo_2150.jpg,50
photo_2151.jpg,50
photo_2152.jpg,50
photo_2153.jpg,50
photo_2154.jpg,50
photo_2155.jpg,50
photo_2156.jpg,50
photo_2157.jpg,50
photo_2158.jpg,50
photo_2159.jpg,50
photo_2160.jpg,50
photo_2161.jpg,50
photo_2162.jpg,65
photo_2163.jpg,65
photo_2164.jpg,65
photo_2165.jpg,65
photo_2166.jpg,65
photo_2167.jpg,65
photo_2168.jpg,80
photo_2169.jpg,80
photo_2170.jpg,80
photo_2171.jpg,80
photo_2172.jpg,95
photo_2173.jpg,95
photo_2174.jpg,95
photo_2175.jpg,95
photo_2176.jpg,95
photo_2177.jpg,95
photo_2178.jpg,95
photo_2179.jpg,110
photo_2180.jpg,110
photo_2181.jpg,110
photo_2182.jpg,110
photo_2183.jpg,110
photo_2184.jpg,110
photo_2185.jpg,110
photo_2186.jpg,110
photo_2187.jpg,110
photo_2188.jpg,110
photo_2189.jpg,110
photo_2190.jpg,110
photo_2191.jpg,110
photo_2192.jpg,110
photo_2193.jpg,110
photo_2194.jpg,110
photo_2195.jpg,110
photo_2196.jpg,110
photo_2197.jpg,110
photo_2198.jpg,110
photo_2199.jpg,110
photo_2200.jpg,110
photo_2201.jpg,110
photo_2202.jpg,110
photo_2203.jpg,110
photo_2204.jpg,110
photo_2205.jpg,95
photo_2206.jpg,95
photo_2207.jpg,95
photo_2208.jpg,95
photo_2209.jpg,95
photo_2210.jpg,95
photo_2211.jpg,95
photo_2212.jpg,95
photo_2213.jpg,95
photo_2214.jpg,95
photo_2215.jpg,95
photo_2216.jpg,95
photo_2217.jpg,95
photo_2218.jpg,95
photo_2219.jpg,95
photo_2220.jpg,95
photo_2221.jpg,95
photo_2222.jpg,95
photo_2223.jpg,95
photo_2224.jpg,95
photo_2225.jpg,95
photo_2226.jpg,95
photo_2227.jpg,95
photo_2228.jpg,95
photo_2229.jpg,95
photo_2230.jpg,95
photo_2231.jpg,95
photo_2232.jpg,95
photo_2233.jpg,95
photo_2234.jpg,95
photo_2235.jpg,95
photo_2236.jpg,80
photo_2237.jpg,80
photo_2238.jpg,80
photo_2239.jpg,80
photo_2240.jpg,80
photo_2241.jpg,95
photo_2242.jpg,95
photo_2243.jpg,95
photo_2244.jpg,95
photo_2245.jpg,95
photo_2246.jpg,95
photo_2247.jpg,95
photo_2248.jpg,95
photo_2249.jpg,95
photo_2250.jpg,95
photo_2251.jpg,95
photo_2252.jpg,95
photo_2253.jpg,95
photo_2254.jpg,95
photo_2255.jpg,95
photo_2256.jpg,95
photo_2257.jpg,95
photo_2258.jpg,95
photo_2259.jpg,80
photo_2260.jpg,80
photo_2261.jpg,80
photo_2262.jpg,80
photo_2263.jpg,95
photo_2264.jpg,95
photo_2265.jpg,95
photo_2266.jpg,95
photo_2267.jpg,95
photo_2268.jpg,95
photo_2269.jpg,95
photo_2270.jpg,95
photo_2271.jpg,95
photo_2272.jpg,95
photo_2273.jpg,95
photo_2274.jpg,95
photo_2275.jpg,95
photo_2276.jpg,80
photo_2277.jpg,80
photo_2278.jpg,80
photo_2279.jpg,80
photo_2280.jpg,80
photo_2281.jpg,80
photo_2282.jpg,65
photo_2283.jpg,65
photo_2284.jpg,65
photo_2285.jpg,65
photo_2286.jpg,65
photo_2287.jpg,65
photo_2288.jpg,65
photo_2289.jpg,65
photo_2290.jpg,65
photo_2291.jpg,65
photo_2292.jpg,65
photo_2293.jpg,65
photo_2294.jpg,65
photo_2295.jpg,65
photo_2296.jpg,65
photo_2297.jpg,65
photo_2298.jpg,65
photo_2299.jpg,65
photo_2300.jpg,65
photo_2301.jpg,65
photo_2302.jpg,65
photo_2303.jpg,65
photo_2304.jpg,65
photo_2305.jpg,65
photo_2306.jpg,65
photo_2307.jpg,65
photo_2308.jpg,65
photo_2309.jpg,65
photo_2310.jpg,65
photo_2311.jpg,65
photo_2312.jpg,65
photo_2313.jpg,65
photo_2314.jpg,65
photo_2315.jpg,65
photo_2316.jpg,65
photo_2317.jpg,65
photo_2318.jpg,65
photo_2319.jpg,65
photo_2320.jpg,65
photo_2321.jpg,65
photo_2322.jpg,65
photo_2323.jpg,65
photo_2324.jpg,65
photo_2325.jpg,65
photo_2326.jpg,65
photo_2327.jpg,80
photo_2328.jpg,80
photo_2329.jpg,80
photo_2330.jpg,80
photo_2331.jpg,80
photo_2332.jpg,95
photo_2333.jpg,95
photo_2334.jpg,95
photo_2335.jpg,95
photo_2336.jpg,95
photo_2337.jpg,95
photo_2338.jpg,95
photo_2339.jpg,95
photo_2340.jpg,95
photo_2341.jpg,95
photo_2342.jpg,95
photo_2343.jpg,95
photo_2344.jpg,95
photo_2345.jpg,95
photo_2346.jpg,95
photo_2347.jpg,95
photo_2348.jpg,95
photo_2349.jpg,95
photo_2350.jpg,95
photo_2351.jpg,95
photo_2352.jpg,95
photo_2353.jpg,95
photo_2354.jpg,80
photo_2355.jpg,80
photo_2356.jpg,80
photo_2357.jpg,80
photo_2358.jpg,95
photo_2359.jpg,95
photo_2360.jpg,95
photo_2361.jpg,95
photo_2362.jpg,95
photo_2363.jpg,95
photo_2364.jpg,95
photo_2365.jpg,95
photo_2366.jpg,95
photo_2367.jpg,95
photo_2368.jpg,95
photo_2369.jpg,95
photo_2370.jpg,95
photo_2371.jpg,95
photo_2372.jpg,95
photo_2373.jpg,95
photo_2374.jpg,95
photo_2375.jpg,80
photo_2376.jpg,80
photo_2377.jpg,80
photo_2378.jpg,80
photo_2379.jpg,80
photo_2380.jpg,80
photo_2381.jpg,80
photo_2382.jpg,80
photo_2383.jpg,80
photo_2384.jpg,80
photo_2385.jpg,80
photo_2386.jpg,80
photo_2387.jpg,95
photo_2388.jpg,95
photo_2389.jpg,95
photo_2390.jpg,95
photo_2391.jpg,95
photo_2392.jpg,95
photo_2393.jpg,95
photo_2394.jpg,95
photo_2395.jpg,110
photo_2396.jpg,110
photo_2397.jpg,110
photo_2398.jpg,110
photo_2399.jpg,110
photo_2400.jpg,110
photo_2401.jpg,110
photo_2402.jpg,110
photo_2403.jpg,110
photo_2404.jpg,110
photo_2405.jpg,110
photo_2406.jpg,110
photo_2407.jpg,110
photo_2408.jpg,110
photo_2409.jpg,110
photo_2410.jpg,110
photo_2411.jpg,125
photo_2412.jpg,125
photo_2413.jpg,125
photo_2414.jpg,125
photo_2415.jpg,125
photo_2416.jpg,125
photo_2417.jpg,125
photo_2418.jpg,125
photo_2419.jpg,125
photo_2420.jpg,125
photo_2421.jpg,110
photo_2422.jpg,110
photo_2423.jpg,110
photo_2424.jpg,110
photo_2425.jpg,110
photo_2426.jpg,110
photo_2427.jpg,110
photo_2428.jpg,95
photo_2429.jpg,95
photo_2430.jpg,95
photo_2431.jpg,95
photo_2432.jpg,95
photo_2433.jpg,95
photo_2434.jpg,95
photo_2435.jpg,95
photo_2436.jpg,95
photo_2437.jpg,95
photo_2438.jpg,95
photo_2439.jpg,95
photo_2440.jpg,95
photo_2441.jpg,95
photo_2442.jpg,95
photo_2443.jpg,80
photo_2444.jpg,80
photo_2445.jpg,80
photo_2446.jpg,80
photo_2447.jpg,65
photo_2448.jpg,65
photo_2449.jpg,65
photo_2450.jpg,65
photo_2451.jpg,65
photo_2452.jpg,50
photo_2453.jpg,50
photo_2454.jpg,50
photo_2455.jpg,50
photo_2456.jpg,50
photo_2457.jpg,50
photo_2458.jpg,50
photo_2459.jpg,50
photo_2460.jpg,50
photo_2461.jpg,50
photo_2462.jpg,50
photo_2463.jpg,65
photo_2464.jpg,65
photo_2465.jpg,65
photo_2466.jpg,80
photo_2467.jpg,80
photo_2468.jpg,80
photo_2469.jpg,80
photo_2470.jpg,80
photo_2471.jpg,80
photo_2472.jpg,80
photo_2473.jpg,80
photo_2474.jpg,80
photo_2475.jpg,65
photo_2476.jpg,65
photo_2477.jpg,65
photo_2478.jpg,65
photo_2479.jpg,50
photo_2480.jpg,50
photo_2481.jpg,50
photo_2482.jpg,50
photo_2483.jpg,50
photo_2484.jpg,50
photo_2485.jpg,50
photo_2486.jpg,50
photo_2487.jpg,50
photo_2488.jpg,50
photo_2489.jpg,50
photo_2490.jpg,50
photo_2491.jpg,50
photo_2492.jpg,50
photo_2493.jpg,50
photo_2494.jpg,50
photo_2495.jpg,50
photo_2496.jpg,50
photo_2497.jpg,50
photo_2498.jpg,50
photo_2499.jpg,50
photo_2500.jpg,50
photo_2501.jpg,65
photo_2502.jpg,65
photo_2503.jpg,65
photo_2504.jpg,65
photo_2505.jpg,65
photo_2506.jpg,65
photo_2507.jpg,65
photo_2508.jpg,80
photo_2509.jpg,80
photo_2510.jpg,80
photo_2511.jpg,80
photo_2512.jpg,80
photo_2513.jpg,80
photo_2514.jpg,80
photo_2515.jpg,80
photo_2516.jpg,95
photo_2517.jpg,95
photo_2518.jpg,95
photo_2519.jpg,95
photo_2520.jpg,95
photo_2521.jpg,95
photo_2522.jpg,95
photo_2523.jpg,95
photo_2524.jpg,95
photo_2525.jpg,95
photo_2526.jpg,95
photo_2527.jpg,95
photo_2528.jpg,95
photo_2529.jpg,95
photo_2530.jpg,95
photo_2531.jpg,110
photo_2532.jpg,110
photo_2533.jpg,110
photo_2534.jpg,110
photo_2535.jpg,110
photo_2536.jpg,110
photo_2537.jpg,95
photo_2538.jpg,95
photo_2539.jpg,95
photo_2540.jpg,95
photo_2541.jpg,95
photo_2542.jpg,95
photo_2543.jpg,95
photo_2544.jpg,95
photo_2545.jpg,95
photo_2546.jpg,95
photo_2547.jpg,95
photo_2548.jpg,95
photo_2549.jpg,95
photo_2550.jpg,95
photo_2551.jpg,95
photo_2552.jpg,95
photo_2553.jpg,95
photo_2554.jpg,95
photo_2555.jpg,95
photo_2556.jpg,80
photo_2557.jpg,80
photo_2558.jpg,80
photo_2559.jpg,80
photo_2560.jpg,80
photo_2561.jpg,80
photo_2562.jpg,80
photo_2563.jpg,80
photo_2564.jpg,80
photo_2565.jpg,80
photo_2566.jpg,80
photo_2567.jpg,80
photo_2568.jpg,65
photo_2569.jpg,65
photo_2570.jpg,65
photo_2571.jpg,65
photo_2572.jpg,65
photo_2573.jpg,65
photo_2574.jpg,65
photo_2575.jpg,50
photo_2576.jpg,50
photo_2577.jpg,50
photo_2578.jpg,50
photo_2579.jpg,50
photo_2580.jpg,50
photo_2581.jpg,50
photo_2582.jpg,50
photo_2583.jpg,50
photo_2584.jpg,50
photo_2585.jpg,50
photo_2586.jpg,50
photo_2587.jpg,50
photo_2588.jpg,50
photo_2589.jpg,50
photo_2590.jpg,50
photo_2591.jpg,50
photo_2592.jpg,50
photo_2593.jpg,50
photo_2594.jpg,50
photo_2595.jpg,50
photo_2596.jpg,50
photo_2597.jpg,50
photo_2598.jpg,50
photo_2599.jpg,50
photo_2600.jpg,50
photo_2601.jpg,50
photo_2602.jpg,50
photo_2603.jpg,50
photo_2604.jpg,50
photo_2605.jpg,50
photo_2606.jpg,50
photo_2607.jpg,50
photo_2608.jpg,50
photo_2609.jpg,50
photo_2610.jpg,50
photo_2611.jpg,50
photo_2612.jpg,50
photo_2613.jpg,50
photo_2614.jpg,50
photo_2615.jpg,50
photo_2616.jpg,50
photo_2617.jpg,65
photo_2618.jpg,65
photo_2619.jpg,65
photo_2620.jpg,65
photo_2621.jpg,65
photo_2622.jpg,80
photo_2623.jpg,80
photo_2624.jpg,80
photo_2625.jpg,95
photo_2626.jpg,95
photo_2627.jpg,95
photo_2628.jpg,95
photo_2629.jpg,110
photo_2630.jpg,110
photo_2631.jpg,110
photo_2632.jpg,110
photo_2633.jpg,110
photo_2634.jpg,110
photo_2635.jpg,110
photo_2636.jpg,110
photo_2637.jpg,110
photo_2638.jpg,110
photo_2639.jpg,110
photo_2640.jpg,110
photo_2641.jpg,110
photo_2642.jpg,125
photo_2643.jpg,125
photo_2644.jpg,125
photo_2645.jpg,125
photo_2646.jpg,125
photo_2647.jpg,125
photo_2648.jpg,125
photo_2649.jpg,125
photo_2650.jpg,125
photo_2651.jpg,125
photo_2652.jpg,125
photo_2653.jpg,125
photo_2654.jpg,125
photo_2655.jpg,125
photo_2656.jpg,125
photo_2657.jpg,125
photo_2658.jpg,125
photo_2659.jpg,110
photo_2660.jpg,110
photo_2661.jpg,110
photo_2662.jpg,110
photo_2663.jpg,110
photo_2664.jpg,95
photo_2665.jpg,95
photo_2666.jpg,95
photo_2667.jpg,95
photo_2668.jpg,95
photo_2669.jpg,95
photo_2670.jpg,95
photo_2671.jpg,95
photo_2672.jpg,95
photo_2673.jpg,95
photo_2674.jpg,95
photo_2675.jpg,95
photo_2676.jpg,95
photo_2677.jpg,95
photo_2678.jpg,95
photo_2679.jpg,95
photo_2680.jpg,95
photo_2681.jpg,95
photo_2682.jpg,95
photo_2683.jpg,80
photo_2684.jpg,80
photo_2685.jpg,80
photo_2686.jpg,80
photo_2687.jpg,95
photo_2688.jpg,95
photo_2689.jpg,95
photo_2690.jpg,95
photo_2691.jpg,95
photo_2692.jpg,95
photo_2693.jpg,95
photo_2694.jpg,95
photo_2695.jpg,95
photo_2696.jpg,95
photo_2697.jpg,95
photo_2698.jpg,95
photo_2699.jpg,95
photo_2700.jpg,95
photo_2701.jpg,95
photo_2702.jpg,95
photo_2703.jpg,95
photo_2704.jpg,95
photo_2705.jpg,95
photo_02706.jpg,95
photo_02707.jpg,95
photo_02708.jpg,95
photo_02709.jpg,95
photo_02710.jpg,95
photo_02711.jpg,95
photo_02712.jpg,95
photo_02713.jpg,95
photo_02714.jpg,95
photo_02715.jpg,95
photo_02716.jpg,95
photo_02717.jpg,95
photo_02718.jpg,95
photo_02719.jpg,95
photo_02720.jpg,95
photo_02721.jpg,95
photo_02722.jpg,95
photo_02723.jpg,95
photo_02724.jpg,95
photo_02725.jpg,95
photo_02726.jpg,95
photo_02727.jpg,95
photo_02728.jpg,95
photo_02729.jpg,95
photo_02730.jpg,95
photo_02731.jpg,95
photo_02732.jpg,95
photo_02733.jpg,95
photo_02734.jpg,95
photo_02735.jpg,95
photo_02736.jpg,95
photo_02737.jpg,95
photo_02738.jpg,80
photo_02739.jpg,80
photo_02740.jpg,80
photo_02741.jpg,80
photo_02742.jpg,80
photo_02743.jpg,65
photo_02744.jpg,65
photo_02745.jpg,65
photo_02746.jpg,65
photo_02747.jpg,65
photo_02748.jpg,65
photo_02749.jpg,65
photo_02750.jpg,65
photo_02751.jpg,65
photo_02752.jpg,65
photo_02753.jpg,65
photo_02754.jpg,65
photo_02755.jpg,65
photo_02756.jpg,65
photo_02757.jpg,65
photo_02758.jpg,65
photo_02759.jpg,65
photo_02760.jpg,65
photo_02761.jpg,65
photo_02762.jpg,65
photo_02763.jpg,65
photo_02764.jpg,65
photo_02765.jpg,65
photo_02766.jpg,65
photo_02767.jpg,65
photo_02768.jpg,65
photo_02769.jpg,50
photo_02770.jpg,50
photo_02771.jpg,50
photo_02772.jpg,50
photo_02773.jpg,50
photo_02774.jpg,50
photo_02775.jpg,50
photo_02776.jpg,50
photo_02777.jpg,50
photo_02778.jpg,50
photo_02779.jpg,50
photo_02780.jpg,50
photo_02781.jpg,50
photo_02782.jpg,50
photo_02783.jpg,50
photo_02784.jpg,50
photo_02785.jpg,50
photo_02786.jpg,50
photo_02787.jpg,50
photo_02788.jpg,50
photo_02789.jpg,50
photo_02790.jpg,50
photo_02791.jpg,50
photo_02792.jpg,50
photo_02793.jpg,50
photo_02794.jpg,50
photo_02795.jpg,50
photo_02796.jpg,50
photo_02797.jpg,50
photo_02798.jpg,50
photo_02799.jpg,50
photo_02800.jpg,50
photo_02801.jpg,50
photo_02802.jpg,50
photo_02803.jpg,50
photo_02804.jpg,50
photo_02805.jpg,50
photo_02806.jpg,50
photo_02807.jpg,50
photo_02808.jpg,50
photo_02809.jpg,50
photo_02810.jpg,50
photo_02811.jpg,50
photo_02812.jpg,50
photo_02813.jpg,50
photo_02814.jpg,50
photo_02815.jpg,50
photo_02816.jpg,50
photo_02817.jpg,50
photo_02818.jpg,50
photo_02819.jpg,50
photo_02820.jpg,50
photo_02821.jpg,50
photo_02822.jpg,50
photo_02823.jpg,50
photo_02824.jpg,50
photo_02825.jpg,50
photo_02826.jpg,50
photo_02827.jpg,50
photo_02828.jpg,50
photo_02829.jpg,50
photo_02830.jpg,50
photo_02831.jpg,50
photo_02832.jpg,50
photo_02833.jpg,50
photo_02834.jpg,50
photo_02835.jpg,50
photo_02836.jpg,50
photo_02837.jpg,50
photo_02838.jpg,50
photo_02839.jpg,50
photo_02840.jpg,50
photo_02841.jpg,50
photo_02842.jpg,50
photo_02843.jpg,50
photo_02844.jpg,50
photo_02845.jpg,50
photo_02846.jpg,50
photo_02847.jpg,50
photo_02848.jpg,50
photo_02849.jpg,50
photo_02850.jpg,50
photo_02851.jpg,65
photo_02852.jpg,65
photo_02853.jpg,65
photo_02854.jpg,65
photo_02855.jpg,65
photo_02856.jpg,65
photo_02857.jpg,80
photo_02858.jpg,80
photo_02859.jpg,80
photo_02860.jpg,80
photo_02861.jpg,80
photo_02862.jpg,80
photo_02863.jpg,80
photo_02864.jpg,80
photo_02865.jpg,80
photo_02866.jpg,80
photo_02867.jpg,80
photo_02868.jpg,80
photo_02869.jpg,80
photo_02870.jpg,80
photo_02871.jpg,80
photo_02872.jpg,80
photo_02873.jpg,80
photo_02874.jpg,95
photo_02875.jpg,95
photo_02876.jpg,95
photo_02877.jpg,95
photo_02878.jpg,95
photo_02879.jpg,95
photo_02880.jpg,95
photo_02881.jpg,95
photo_02882.jpg,95
photo_02883.jpg,95
photo_02884.jpg,95
photo_02885.jpg,95
photo_02886.jpg,95
photo_02887.jpg,95
photo_02888.jpg,95
photo_02889.jpg,95
photo_02890.jpg,95
photo_02891.jpg,95
photo_02892.jpg,95
photo_02893.jpg,95
photo_02894.jpg,95
photo_02895.jpg,95
photo_02896.jpg,95
photo_02897.jpg,95
photo_02898.jpg,95
photo_02899.jpg,95
photo_02900.jpg,95
photo_02901.jpg,95
photo_02902.jpg,95
photo_02903.jpg,95
photo_02904.jpg,110
photo_02905.jpg,110
photo_02906.jpg,110
photo_02907.jpg,110
photo_02908.jpg,110
photo_02909.jpg,110
photo_02910.jpg,110
photo_02911.jpg,110
photo_02912.jpg,110
photo_02913.jpg,110
photo_02914.jpg,110
photo_02915.jpg,95
photo_02916.jpg,95
photo_02917.jpg,95
photo_02918.jpg,95
photo_02919.jpg,95
photo_02920.jpg,95
photo_02921.jpg,95
photo_02922.jpg,95
photo_02923.jpg,95
photo_02924.jpg,95
photo_02925.jpg,95
photo_02926.jpg,95
photo_02927.jpg,95
photo_02928.jpg,95
photo_02929.jpg,95
photo_02930.jpg,95
photo_02931.jpg,95
photo_02932.jpg,95
photo_02933.jpg,95
photo_02934.jpg,95
photo_02935.jpg,95
photo_02936.jpg,95
photo_02937.jpg,95
photo_02938.jpg,95
photo_02939.jpg,95
photo_02940.jpg,95
photo_02941.jpg,95
photo_02942.jpg,80
photo_02943.jpg,80
photo_02944.jpg,80
photo_02945.jpg,80
photo_02946.jpg,80
photo_02947.jpg,80
photo_02948.jpg,80
photo_02949.jpg,80
photo_02950.jpg,80
photo_02951.jpg,80
photo_02952.jpg,80
photo_02953.jpg,80
photo_02954.jpg,80
photo_02955.jpg,80
photo_02956.jpg,95
photo_02957.jpg,95
photo_02958.jpg,95
photo_02959.jpg,95
photo_02960.jpg,80
photo_02961.jpg,80
photo_02962.jpg,80
photo_02963.jpg,80
photo_02964.jpg,65
photo_02965.jpg,65
photo_02966.jpg,65
photo_02967.jpg,65
photo_02968.jpg,65
photo_02969.jpg,65
photo_02970.jpg,65
photo_02971.jpg,65
photo_02972.jpg,65
photo_02973.jpg,65
photo_02974.jpg,65
photo_02975.jpg,65
photo_02976.jpg,65
photo_02977.jpg,65
photo_02978.jpg,65
photo_02979.jpg,65
photo_02980.jpg,65
photo_02981.jpg,65
photo_02982.jpg,65
photo_02983.jpg,50
photo_02984.jpg,50
photo_02985.jpg,50
photo_02986.jpg,50
photo_02987.jpg,50
photo_02988.jpg,50
photo_02989.jpg,50
photo_02990.jpg,50
photo_02991.jpg,50
photo_02992.jpg,50
photo_02993.jpg,50
photo_02994.jpg,50
photo_02995.jpg,50
photo_02996.jpg,50
photo_02997.jpg,50
photo_02998.jpg,50
photo_02999.jpg,50
photo_03000.jpg,50
photo_03001.jpg,50
photo_03002.jpg,50
photo_03003.jpg,50
photo_03004.jpg,50
photo_03005.jpg,50
photo_03006.jpg,50
photo_03007.jpg,50
photo_03008.jpg,50
photo_03009.jpg,50
photo_03010.jpg,50
photo_03011.jpg,50
photo_03012.jpg,50
photo_03013.jpg,50
photo_03014.jpg,50
photo_03015.jpg,50
photo_03016.jpg,50
photo_03017.jpg,50
photo_03018.jpg,50
photo_03019.jpg,50
photo_03020.jpg,50
photo_03021.jpg,50
photo_03022.jpg,50
photo_03023.jpg,50
photo_03024.jpg,50
photo_03025.jpg,50
photo_03026.jpg,50
photo_03027.jpg,50
photo_03028.jpg,50
photo_03029.jpg,50
photo_03030.jpg,50
photo_03031.jpg,50
photo_03032.jpg,50
photo_03033.jpg,50
photo_03034.jpg,50
photo_03035.jpg,50
photo_03036.jpg,50
photo_03037.jpg,50
photo_03038.jpg,50
photo_03039.jpg,50
photo_03040.jpg,50
photo_03041.jpg,50
photo_03042.jpg,50
photo_03043.jpg,50
photo_03044.jpg,50
photo_03045.jpg,50
photo_03046.jpg,50
photo_03047.jpg,50
photo_03048.jpg,50
photo_03049.jpg,50
photo_03050.jpg,50
photo_03051.jpg,50
photo_03052.jpg,50
photo_03053.jpg,50
photo_03054.jpg,50
photo_03055.jpg,65
photo_03056.jpg,65
photo_03057.jpg,65
photo_03058.jpg,65
photo_03059.jpg,65
photo_03060.jpg,65
photo_03061.jpg,65
photo_03062.jpg,80
photo_03063.jpg,80
photo_03064.jpg,80
photo_03065.jpg,80
photo_03066.jpg,80
photo_03067.jpg,80
photo_03068.jpg,95
photo_03069.jpg,95
photo_03070.jpg,95
photo_03071.jpg,95
photo_03072.jpg,95
photo_03073.jpg,95
photo_03074.jpg,95
photo_03075.jpg,95
photo_03076.jpg,110
photo_03077.jpg,110
photo_03078.jpg,110
photo_03079.jpg,110
photo_03080.jpg,110
photo_03081.jpg,110
photo_03082.jpg,110
photo_03083.jpg,110
photo_03084.jpg,110
photo_03085.jpg,110
photo_03086.jpg,110
photo_03087.jpg,110
photo_03088.jpg,110
photo_03089.jpg,110
photo_03090.jpg,110
photo_03091.jpg,110
photo_03092.jpg,110
photo_03093.jpg,110
photo_03094.jpg,110
photo_03095.jpg,110
photo_03096.jpg,110
photo_03097.jpg,110
photo_03098.jpg,110
photo_03099.jpg,110
photo_03100.jpg,110
photo_03101.jpg,110
photo_03102.jpg,110
photo_03103.jpg,110
photo_03104.jpg,110
photo_03105.jpg,110
photo_03106.jpg,110
photo_03107.jpg,110
photo_03108.jpg,110
photo_03109.jpg,110
photo_03110.jpg,110
photo_03111.jpg,110
photo_03112.jpg,110
photo_03113.jpg,110
photo_03114.jpg,110
photo_03115.jpg,110
photo_03116.jpg,110
photo_03117.jpg,110
photo_03118.jpg,110
photo_03119.jpg,110
photo_03120.jpg,110
photo_03121.jpg,95
photo_03122.jpg,95
photo_03123.jpg,95
photo_03124.jpg,95
photo_03125.jpg,95
photo_03126.jpg,95
photo_03127.jpg,95
photo_03128.jpg,95
photo_03129.jpg,95
photo_03130.jpg,95
photo_03131.jpg,95
photo_03132.jpg,95
photo_03133.jpg,95
photo_03134.jpg,95
photo_03135.jpg,95
photo_03136.jpg,95
photo_03137.jpg,95
photo_03138.jpg,95
photo_03139.jpg,95
photo_03140.jpg,95
photo_03141.jpg,95
photo_03142.jpg,95
photo_03143.jpg,95
photo_03144.jpg,95
photo_03145.jpg,110
photo_03146.jpg,110
photo_03147.jpg,110
photo_03148.jpg,110
photo_03149.jpg,95
photo_03150.jpg,95
photo_03151.jpg,95
photo_03152.jpg,95
photo_03153.jpg,95
photo_03154.jpg,95
photo_03155.jpg,95
photo_03156.jpg,95
photo_03157.jpg,95
photo_03158.jpg,95
photo_03159.jpg,95
photo_03160.jpg,95
photo_03161.jpg,80
photo_03162.jpg,80
photo_03163.jpg,80
photo_03164.jpg,80
photo_03165.jpg,80
photo_03166.jpg,80
photo_03167.jpg,65
photo_03168.jpg,65
photo_03169.jpg,65
photo_03170.jpg,65
photo_03171.jpg,65
photo_03172.jpg,65
photo_03173.jpg,65
photo_03174.jpg,65
photo_03175.jpg,65
photo_03176.jpg,65
photo_03177.jpg,65
photo_03178.jpg,65
photo_03179.jpg,65
photo_03180.jpg,65
photo_03181.jpg,65
photo_03182.jpg,65
photo_03183.jpg,65
photo_03184.jpg,50
photo_03185.jpg,50
photo_03186.jpg,50
photo_03187.jpg,50
photo_03188.jpg,50
photo_03189.jpg,50
photo_03190.jpg,50
photo_03191.jpg,50
photo_03192.jpg,50
photo_03193.jpg,50
photo_03194.jpg,50
photo_03195.jpg,50
photo_03196.jpg,50
photo_03197.jpg,50
photo_03198.jpg,50
photo_03199.jpg,50
photo_03200.jpg,50
photo_03201.jpg,50
photo_03202.jpg,50
photo_03203.jpg,50
photo_03204.jpg,50
photo_03205.jpg,50
photo_03206.jpg,65
photo_03207.jpg,65
photo_03208.jpg,65
photo_03209.jpg,65
photo_03210.jpg,65
photo_03211.jpg,65
photo_03212.jpg,65
photo_03213.jpg,65
photo_03214.jpg,65
photo_03215.jpg,65
photo_03216.jpg,65
photo_03217.jpg,65
photo_03218.jpg,65
photo_03219.jpg,65
photo_03220.jpg,65
photo_03221.jpg,65
photo_03222.jpg,65
photo_03223.jpg,65
photo_03224.jpg,65
photo_03225.jpg,65
photo_03226.jpg,65
photo_03227.jpg,65
photo_03228.jpg,65
photo_03229.jpg,65
photo_03230.jpg,65
photo_03231.jpg,65
photo_03232.jpg,65
photo_03233.jpg,50
photo_03234.jpg,50
photo_03235.jpg,50
photo_03236.jpg,50
photo_03237.jpg,50
photo_03238.jpg,50
photo_03239.jpg,50
photo_03240.jpg,50
photo_03241.jpg,50
photo_03242.jpg,50
photo_03243.jpg,50
photo_03244.jpg,50
photo_03245.jpg,50
photo_03246.jpg,50
photo_03247.jpg,50
photo_03248.jpg,50
photo_03249.jpg,50
photo_03250.jpg,50
photo_03251.jpg,50
photo_03252.jpg,50
photo_03253.jpg,50
photo_03254.jpg,50
photo_03255.jpg,50
photo_03256.jpg,50
photo_03257.jpg,50
photo_03258.jpg,50
photo_03259.jpg,50
photo_03260.jpg,50
photo_03261.jpg,50
photo_03262.jpg,50
photo_03263.jpg,50
photo_03264.jpg,50
photo_03265.jpg,50
photo_03266.jpg,50
photo_03267.jpg,50
photo_03268.jpg,50
photo_03269.jpg,50
photo_03270.jpg,50
photo_03271.jpg,50
photo_03272.jpg,50
photo_03273.jpg,50
photo_03274.jpg,50
photo_03275.jpg,50
photo_03276.jpg,50
photo_03277.jpg,50
photo_03278.jpg,50
photo_03279.jpg,50
photo_03280.jpg,50
photo_03281.jpg,50
photo_03282.jpg,50
photo_03283.jpg,50
photo_03284.jpg,50
photo_03285.jpg,50
photo_03286.jpg,50
photo_03287.jpg,50
photo_03288.jpg,65
photo_03289.jpg,65
photo_03290.jpg,65
photo_03291.jpg,65
photo_03292.jpg,65
photo_03293.jpg,65
photo_03294.jpg,80
photo_03295.jpg,80
photo_03296.jpg,80
photo_03297.jpg,80
photo_03298.jpg,80
photo_03299.jpg,80
photo_03300.jpg,80
photo_03301.jpg,95
photo_03302.jpg,95
photo_03303.jpg,95
photo_03304.jpg,95
photo_03305.jpg,95
photo_03306.jpg,95
photo_03307.jpg,95
photo_03308.jpg,95
photo_03309.jpg,95
photo_03310.jpg,95
photo_03311.jpg,95
photo_03312.jpg,95
photo_03313.jpg,80
photo_03314.jpg,80
photo_03315.jpg,80
photo_03316.jpg,80
photo_03317.jpg,80
photo_03318.jpg,80
photo_03319.jpg,80
photo_03320.jpg,80
photo_03321.jpg,80
photo_03322.jpg,80
photo_03323.jpg,80
photo_03324.jpg,95
photo_03325.jpg,95
photo_03326.jpg,95
photo_03327.jpg,95
photo_03328.jpg,95
photo_03329.jpg,95
photo_03330.jpg,95
photo_03331.jpg,95
photo_03332.jpg,95
photo_03333.jpg,110
photo_03334.jpg,110
photo_03335.jpg,110
photo_03336.jpg,110
photo_03337.jpg,110
photo_03338.jpg,110
photo_03339.jpg,110
photo_03340.jpg,110
photo_03341.jpg,95
photo_03342.jpg,95
photo_03343.jpg,95
photo_03344.jpg,95
photo_03345.jpg,95
photo_03346.jpg,95
photo_03347.jpg,95
photo_03348.jpg,95
photo_03349.jpg,95
photo_03350.jpg,95
photo_03351.jpg,95
photo_03352.jpg,95
photo_03353.jpg,95
photo_03354.jpg,95
photo_03355.jpg,95
photo_03356.jpg,95
photo_03357.jpg,95
photo_03358.jpg,95
photo_03359.jpg,95
photo_03360.jpg,110
photo_03361.jpg,110
photo_03362.jpg,110
photo_03363.jpg,110
photo_03364.jpg,110
photo_03365.jpg,110
photo_03366.jpg,95
photo_03367.jpg,95
photo_03368.jpg,95
photo_03369.jpg,95
photo_03370.jpg,95
photo_03371.jpg,95
photo_03372.jpg,95
photo_03373.jpg,80
photo_03374.jpg,80
photo_03375.jpg,80
photo_03376.jpg,80
photo_03377.jpg,80
photo_03378.jpg,80
photo_03379.jpg,80
photo_03380.jpg,80
photo_03381.jpg,80
photo_03382.jpg,80
photo_03383.jpg,80
photo_03384.jpg,80
photo_03385.jpg,95
photo_03386.jpg,95
photo_03387.jpg,95
photo_03388.jpg,95
photo_03389.jpg,95
photo_03390.jpg,95
photo_03391.jpg,95
photo_03392.jpg,95
photo_03393.jpg,95
photo_03394.jpg,80
photo_03395.jpg,80
photo_03396.jpg,80
photo_03397.jpg,80
photo_03398.jpg,80
photo_03399.jpg,80
photo_03400.jpg,80
photo_03401.jpg,80
photo_03402.jpg,65
photo_03403.jpg,65
photo_03404.jpg,65
photo_03405.jpg,65
photo_03406.jpg,65
photo_03407.jpg,65
photo_03408.jpg,65
photo_03409.jpg,65
photo_03410.jpg,65
photo_03411.jpg,65
photo_03412.jpg,65
photo_03413.jpg,65
photo_03414.jpg,65
photo_03415.jpg,65
photo_03416.jpg,65
photo_03417.jpg,65
photo_03418.jpg,65
photo_03419.jpg,65
photo_03420.jpg,65
photo_03421.jpg,50
photo_03422.jpg,50
photo_03423.jpg,50
photo_03424.jpg,50
photo_03425.jpg,50
photo_03426.jpg,50
photo_03427.jpg,50
photo_03428.jpg,50
photo_03429.jpg,50
photo_03430.jpg,50
photo_03431.jpg,50
photo_03432.jpg,50
photo_03433.jpg,50
photo_03434.jpg,50
photo_03435.jpg,50
photo_03436.jpg,50
photo_03437.jpg,50
photo_03438.jpg,50
photo_03439.jpg,50
photo_03440.jpg,50
photo_03441.jpg,50
photo_03442.jpg,50
photo_03443.jpg,50
photo_03444.jpg,50
photo_03445.jpg,50
photo_03446.jpg,50
photo_03447.jpg,50
photo_03448.jpg,50
photo_03449.jpg,50
photo_03450.jpg,50
photo_03451.jpg,50
photo_03452.jpg,50
photo_03453.jpg,50
photo_03454.jpg,50
photo_03455.jpg,50
photo_03456.jpg,50
photo_03457.jpg,50
photo_03458.jpg,50
photo_03459.jpg,50
photo_03460.jpg,50
photo_03461.jpg,50
photo_03462.jpg,50
photo_03463.jpg,50
photo_03464.jpg,50
photo_03465.jpg,50
photo_03466.jpg,50
photo_03467.jpg,50
photo_03468.jpg,50
photo_03469.jpg,50
photo_03470.jpg,50
photo_03471.jpg,50
photo_03472.jpg,50
photo_03473.jpg,50
photo_03474.jpg,50
photo_03475.jpg,50
photo_03476.jpg,50
photo_03477.jpg,50
photo_03478.jpg,50
photo_03479.jpg,50
photo_03480.jpg,50
photo_03481.jpg,50
photo_03482.jpg,50
photo_03483.jpg,50
photo_03484.jpg,50
photo_03485.jpg,50
photo_03486.jpg,50
photo_03487.jpg,50
photo_03488.jpg,50
photo_03489.jpg,50
photo_03490.jpg,50
photo_03491.jpg,50
photo_03492.jpg,50
photo_03493.jpg,50
photo_03494.jpg,65
photo_03495.jpg,65
photo_03496.jpg,65
photo_03497.jpg,65
photo_03498.jpg,65
photo_03499.jpg,65
photo_03500.jpg,65
photo_03501.jpg,65
photo_03502.jpg,80
photo_03503.jpg,80
photo_03504.jpg,80
photo_03505.jpg,80
photo_03506.jpg,80
photo_03507.jpg,80
photo_03508.jpg,80
photo_03509.jpg,80
photo_03510.jpg,95
photo_03511.jpg,95
photo_03512.jpg,95
photo_03513.jpg,95
photo_03514.jpg,95
photo_03515.jpg,95
photo_03516.jpg,95
photo_03517.jpg,110
photo_03518.jpg,110
photo_03519.jpg,110
photo_03520.jpg,110
photo_03521.jpg,110
photo_03522.jpg,110
photo_03523.jpg,110
photo_03524.jpg,110
photo_03525.jpg,110
photo_03526.jpg,110
photo_03527.jpg,110
photo_03528.jpg,110
photo_03529.jpg,110
photo_03530.jpg,110
photo_03531.jpg,110
photo_03532.jpg,110
photo_03533.jpg,110
photo_03534.jpg,110
photo_03535.jpg,110
photo_03536.jpg,110
photo_03537.jpg,110
photo_03538.jpg,110
photo_03539.jpg,110
photo_03540.jpg,110
photo_03541.jpg,110
photo_03542.jpg,110
photo_03543.jpg,110
photo_03544.jpg,110
photo_03545.jpg,110
photo_03546.jpg,110
photo_03547.jpg,110
photo_03548.jpg,110
photo_03549.jpg,110
photo_03550.jpg,110
photo_03551.jpg,110
photo_03552.jpg,110
photo_03553.jpg,110
photo_03554.jpg,110
photo_03555.jpg,110
photo_03556.jpg,110
photo_03557.jpg,110
photo_03558.jpg,110
photo_03559.jpg,110
photo_03560.jpg,110
photo_03561.jpg,110
photo_03562.jpg,110
photo_03563.jpg,110
photo_03564.jpg,110
photo_03565.jpg,110
photo_03566.jpg,110
photo_03567.jpg,110
photo_03568.jpg,110
photo_03569.jpg,95
photo_03570.jpg,95
photo_03571.jpg,95
photo_03572.jpg,95
photo_03573.jpg,95
photo_03574.jpg,95
photo_03575.jpg,95
photo_03576.jpg,95
photo_03577.jpg,95
photo_03578.jpg,95
photo_03579.jpg,95
photo_03580.jpg,95
photo_03581.jpg,95
photo_03582.jpg,95
photo_03583.jpg,95
photo_03584.jpg,95
photo_03585.jpg,95
photo_03586.jpg,95
photo_03587.jpg,95
photo_03588.jpg,95
photo_03589.jpg,95
photo_03590.jpg,95
photo_03591.jpg,95
photo_03592.jpg,95
photo_03593.jpg,95
photo_03594.jpg,95
photo_03595.jpg,95
photo_03596.jpg,95
photo_03597.jpg,95
photo_03598.jpg,95
photo_03599.jpg,95
photo_03600.jpg,95
photo_03601.jpg,95
photo_03602.jpg,95
photo_03603.jpg,95
photo_03604.jpg,80
photo_03605.jpg,80
photo_03606.jpg,80
photo_03607.jpg,80
photo_03608.jpg,80
photo_03609.jpg,80
photo_03610.jpg,65
photo_03611.jpg,65
photo_03612.jpg,65
photo_03613.jpg,65
photo_03614.jpg,65
photo_03615.jpg,65
photo_03616.jpg,65
photo_03617.jpg,65
photo_03618.jpg,65
photo_03619.jpg,65
photo_03620.jpg,65
photo_03621.jpg,65
photo_03622.jpg,65
photo_03623.jpg,65
photo_03624.jpg,65
photo_03625.jpg,65
photo_03626.jpg,65
photo_03627.jpg,65
photo_03628.jpg,65
photo_03629.jpg,65
photo_03630.jpg,65
photo_03631.jpg,65
photo_03632.jpg,65
photo_03633.jpg,65
photo_03634.jpg,65
photo_03635.jpg,65
photo_03636.jpg,65
photo_03637.jpg,65
photo_03638.jpg,65
photo_03639.jpg,65
photo_03640.jpg,65
photo_03641.jpg,65
photo_03642.jpg,65
photo_03643.jpg,65
photo_03644.jpg,65
photo_03645.jpg,65
photo_03646.jpg,65
photo_03647.jpg,65
photo_03648.jpg,65
photo_03649.jpg,65
photo_03650.jpg,65
photo_03651.jpg,65
photo_03652.jpg,50
photo_03653.jpg,50
photo_03654.jpg,50
photo_03655.jpg,50
photo_03656.jpg,50
photo_03657.jpg,50
photo_03658.jpg,50
photo_03659.jpg,50
photo_03660.jpg,50
photo_03661.jpg,50
photo_03662.jpg,50
photo_03663.jpg,50
photo_03664.jpg,50
photo_03665.jpg,50
photo_03666.jpg,50
photo_03667.jpg,50
photo_03668.jpg,50
photo_03669.jpg,50
photo_03670.jpg,50
photo_03671.jpg,50
photo_03672.jpg,50
photo_03673.jpg,50
photo_03674.jpg,50
photo_03675.jpg,50
photo_03676.jpg,50
photo_03677.jpg,50
photo_03678.jpg,50
photo_03679.jpg,50
photo_03680.jpg,50
photo_03681.jpg,50
photo_03682.jpg,50
photo_03683.jpg,50
photo_03684.jpg,50
photo_03685.jpg,50
photo_03686.jpg,50
photo_03687.jpg,50
photo_03688.jpg,50
photo_03689.jpg,50
photo_03690.jpg,50
photo_03691.jpg,50
photo_03692.jpg,50
photo_03693.jpg,50
photo_03694.jpg,50
photo_03695.jpg,50
photo_03696.jpg,50
photo_03697.jpg,50
photo_03698.jpg,50
photo_03699.jpg,50
photo_03700.jpg,50
photo_03701.jpg,50
photo_03702.jpg,50
photo_03703.jpg,50
photo_03704.jpg,50
photo_03705.jpg,50
photo_03706.jpg,50
photo_03707.jpg,50
photo_03708.jpg,50
photo_03709.jpg,50
photo_03710.jpg,50
photo_03711.jpg,50
photo_03712.jpg,50
photo_03713.jpg,50
photo_03714.jpg,50
photo_03715.jpg,50
photo_03716.jpg,50
photo_03717.jpg,50
photo_03718.jpg,50
photo_03719.jpg,50
photo_03720.jpg,50
photo_03721.jpg,50
photo_03722.jpg,50
photo_03723.jpg,50
photo_03724.jpg,50
photo_03725.jpg,50
photo_03726.jpg,50
photo_03727.jpg,50
photo_03728.jpg,65
photo_03729.jpg,65
photo_03730.jpg,65
photo_03731.jpg,65
photo_03732.jpg,65
photo_03733.jpg,65
photo_03734.jpg,80
photo_03735.jpg,80
photo_03736.jpg,80
photo_03737.jpg,80
photo_03738.jpg,80
photo_03739.jpg,80
photo_03740.jpg,80
photo_03741.jpg,80
photo_03742.jpg,80
photo_03743.jpg,80
photo_03744.jpg,80
photo_03745.jpg,80
photo_03746.jpg,80
photo_03747.jpg,80
photo_03748.jpg,80
photo_03749.jpg,80
photo_03750.jpg,80
photo_03751.jpg,80
photo_03752.jpg,80
photo_03753.jpg,80
photo_03754.jpg,80
photo_03755.jpg,80
photo_03756.jpg,80
photo_03757.jpg,80
photo_03758.jpg,95
photo_03759.jpg,95
photo_03760.jpg,95
photo_03761.jpg,95
photo_03762.jpg,95
photo_03763.jpg,95
photo_03764.jpg,95
photo_03765.jpg,95
photo_03766.jpg,95
photo_03767.jpg,95
photo_03768.jpg,95
photo_03769.jpg,95
photo_03770.jpg,95
photo_03771.jpg,95
photo_03772.jpg,95
photo_03773.jpg,95
photo_03774.jpg,95
photo_03775.jpg,110
photo_03776.jpg,110
photo_03777.jpg,110
photo_03778.jpg,110
photo_03779.jpg,110
photo_03780.jpg,110
photo_03781.jpg,110
photo_03782.jpg,110
photo_03783.jpg,110
photo_03784.jpg,110
photo_03785.jpg,110
photo_03786.jpg,110
photo_03787.jpg,95
photo_03788.jpg,95
photo_03789.jpg,95
photo_03790.jpg,95
photo_03791.jpg,95
photo_03792.jpg,95
photo_03793.jpg,95
photo_03794.jpg,95
photo_03795.jpg,95
photo_03796.jpg,95
photo_03797.jpg,95
photo_03798.jpg,95
photo_03799.jpg,95
photo_03800.jpg,95
photo_03801.jpg,95
photo_03802.jpg,95
photo_03803.jpg,95
photo_03804.jpg,95
photo_03805.jpg,95
photo_03806.jpg,95
photo_03807.jpg,95
photo_03808.jpg,95
photo_03809.jpg,95
photo_03810.jpg,95
photo_03811.jpg,95
photo_03812.jpg,110
photo_03813.jpg,110
photo_03814.jpg,110
photo_03815.jpg,110
photo_03816.jpg,110
photo_03817.jpg,110
photo_03818.jpg,95
photo_03819.jpg,95
photo_03820.jpg,95
photo_03821.jpg,95
photo_03822.jpg,95
photo_03823.jpg,95
photo_03824.jpg,80
photo_03825.jpg,80
photo_03826.jpg,80
photo_03827.jpg,80
photo_03828.jpg,80
photo_03829.jpg,80
photo_03830.jpg,80
photo_03831.jpg,80
photo_03832.jpg,80
photo_03833.jpg,80
photo_03834.jpg,80
photo_03835.jpg,80
photo_03836.jpg,80
photo_03837.jpg,80
photo_03838.jpg,80
photo_03839.jpg,80
photo_03840.jpg,80
photo_03841.jpg,80
photo_03842.jpg,80
photo_03843.jpg,80
photo_03844.jpg,80
photo_03845.jpg,80
photo_03846.jpg,80
photo_03847.jpg,80
photo_03848.jpg,80
photo_03849.jpg,80
photo_03850.jpg,80
photo_03851.jpg,80
photo_03852.jpg,80
photo_03853.jpg,80
photo_03854.jpg,65
photo_03855.jpg,65
photo_03856.jpg,65
photo_03857.jpg,65
photo_03858.jpg,65
photo_03859.jpg,65
photo_03860.jpg,65
photo_03861.jpg,65
photo_03862.jpg,65
photo_03863.jpg,65
photo_03864.jpg,65
photo_03865.jpg,65
photo_03866.jpg,50
photo_03867.jpg,50
photo_03868.jpg,50
photo_03869.jpg,50
photo_03870.jpg,50
photo_03871.jpg,50
photo_03872.jpg,50
photo_03873.jpg,50
photo_03874.jpg,50
photo_03875.jpg,50
photo_03876.jpg,50
photo_03877.jpg,50
photo_03878.jpg,50
photo_03879.jpg,50
photo_03880.jpg,50
photo_03881.jpg,50
photo_03882.jpg,50
photo_03883.jpg,50
photo_03884.jpg,50
photo_03885.jpg,50
photo_03886.jpg,50
photo_03887.jpg,50
photo_03888.jpg,50
photo_03889.jpg,50
photo_03890.jpg,50
photo_03891.jpg,50
photo_03892.jpg,50
photo_03893.jpg,50
photo_03894.jpg,50
photo_03895.jpg,50
photo_03896.jpg,50
photo_03897.jpg,50
photo_03898.jpg,50
photo_03899.jpg,50
photo_03900.jpg,50
photo_03901.jpg,50
photo_03902.jpg,50
photo_03903.jpg,50
photo_03904.jpg,50
photo_03905.jpg,50
photo_03906.jpg,50
photo_03907.jpg,50
photo_03908.jpg,50
photo_03909.jpg,50
photo_03910.jpg,50
photo_03911.jpg,50
photo_03912.jpg,50
photo_03913.jpg,50
photo_03914.jpg,50
photo_03915.jpg,50
photo_03916.jpg,50
photo_03917.jpg,50
photo_03918.jpg,50
photo_03919.jpg,50
photo_03920.jpg,50
photo_03921.jpg,50
photo_03922.jpg,50
photo_03923.jpg,50
photo_03924.jpg,50
photo_03925.jpg,50
photo_03926.jpg,50
photo_03927.jpg,50
photo_03928.jpg,50
photo_03929.jpg,50
photo_03930.jpg,50
photo_03931.jpg,50
photo_03932.jpg,50
photo_03933.jpg,50
photo_03934.jpg,50
photo_03935.jpg,50
photo_03936.jpg,50
photo_03937.jpg,50
photo_03938.jpg,50
photo_03939.jpg,50
photo_03940.jpg,65
photo_03941.jpg,65
photo_03942.jpg,65
photo_03943.jpg,65
photo_03944.jpg,65
photo_03945.jpg,65
photo_03946.jpg,65
photo_03947.jpg,65
photo_03948.jpg,80
photo_03949.jpg,80
photo_03950.jpg,80
photo_03951.jpg,80
photo_03952.jpg,80
photo_03953.jpg,95
photo_03954.jpg,95
photo_03955.jpg,95
photo_03956.jpg,95
photo_03957.jpg,95
photo_03958.jpg,95
photo_03959.jpg,95
photo_03960.jpg,95
photo_03961.jpg,95
photo_03962.jpg,95
photo_03963.jpg,95
photo_03964.jpg,95
photo_03965.jpg,95
photo_03966.jpg,95
photo_03967.jpg,110
photo_03968.jpg,110
photo_03969.jpg,110
photo_03970.jpg,110
photo_03971.jpg,110
photo_03972.jpg,110
photo_03973.jpg,110
photo_03974.jpg,110
photo_03975.jpg,110
photo_03976.jpg,110
photo_03977.jpg,110
photo_03978.jpg,110
photo_03979.jpg,110
photo_03980.jpg,110
photo_03981.jpg,110
photo_03982.jpg,110
photo_03983.jpg,110
photo_03984.jpg,110
photo_03985.jpg,110
photo_03986.jpg,110
photo_03987.jpg,110
photo_03988.jpg,110
photo_03989.jpg,110
photo_03990.jpg,110
photo_03991.jpg,110
photo_03992.jpg,110
photo_03993.jpg,110
photo_03994.jpg,110
photo_03995.jpg,110
photo_03996.jpg,110
photo_03997.jpg,110
photo_03998.jpg,110
photo_03999.jpg,110
photo_04000.jpg,110
photo_04001.jpg,110
photo_04002.jpg,110
photo_04003.jpg,110
photo_04004.jpg,110
photo_04005.jpg,110
photo_04006.jpg,110
photo_04007.jpg,110
photo_04008.jpg,110
photo_04009.jpg,110
photo_04010.jpg,110
photo_04011.jpg,110
photo_04012.jpg,110
photo_04013.jpg,95
photo_04014.jpg,95
photo_04015.jpg,95
photo_04016.jpg,95
photo_04017.jpg,95
photo_04018.jpg,95
photo_04019.jpg,95
photo_04020.jpg,95
photo_04021.jpg,95
photo_04022.jpg,95
photo_04023.jpg,95
photo_04024.jpg,95
photo_04025.jpg,95
photo_04026.jpg,95
photo_04027.jpg,95
photo_04028.jpg,95
photo_04029.jpg,95
photo_04030.jpg,95
photo_04031.jpg,95
photo_04032.jpg,95
photo_04033.jpg,95
photo_04034.jpg,95
photo_04035.jpg,95
photo_04036.jpg,95
photo_04037.jpg,95
photo_04038.jpg,95
photo_04039.jpg,95
photo_04040.jpg,95
photo_04041.jpg,95
photo_04042.jpg,95
photo_04043.jpg,95
photo_04044.jpg,95
photo_04045.jpg,95
photo_04046.jpg,95
photo_04047.jpg,95
photo_04048.jpg,95
photo_04049.jpg,95
photo_04050.jpg,95
photo_04051.jpg,95
photo_04052.jpg,95
photo_04053.jpg,95
photo_04054.jpg,80
photo_04055.jpg,80
photo_04056.jpg,80
photo_04057.jpg,80
photo_04058.jpg,80
photo_04059.jpg,65
photo_04060.jpg,65
photo_04061.jpg,65
photo_04062.jpg,65
photo_04063.jpg,65
photo_04064.jpg,65
photo_04065.jpg,65
photo_04066.jpg,65
photo_04067.jpg,65
photo_04068.jpg,65
photo_04069.jpg,65
photo_04070.jpg,65
photo_04071.jpg,65
photo_04072.jpg,65
photo_04073.jpg,65
photo_04074.jpg,65
photo_04075.jpg,65
photo_04076.jpg,65
photo_04077.jpg,65
photo_04078.jpg,65
photo_04079.jpg,65
photo_04080.jpg,65
photo_04081.jpg,65
photo_04082.jpg,65
photo_04083.jpg,65
photo_04084.jpg,65
photo_04085.jpg,65
photo_04086.jpg,65
photo_04087.jpg,65
photo_04088.jpg,65
photo_04089.jpg,65
photo_04090.jpg,65
photo_04091.jpg,65
photo_04092.jpg,65
photo_04093.jpg,65
photo_04094.jpg,65
photo_04095.jpg,65
photo_04096.jpg,65
photo_04097.jpg,65
photo_04098.jpg,65
photo_04099.jpg,65
photo_04100.jpg,65
photo_04101.jpg,65
photo_04102.jpg,65
photo_04103.jpg,65
photo_04104.jpg,65
photo_04105.jpg,50
photo_04106.jpg,50
photo_04107.jpg,50
photo_04108.jpg,50
photo_04109.jpg,50
photo_04110.jpg,50
photo_04111.jpg,50
photo_04112.jpg,50
photo_04113.jpg,50
photo_04114.jpg,50
photo_04115.jpg,50
photo_04116.jpg,50
photo_04117.jpg,50
photo_04118.jpg,50
photo_04119.jpg,50
photo_04120.jpg,50
photo_04121.jpg,50
photo_04122.jpg,50
photo_04123.jpg,50
photo_04124.jpg,50
photo_04125.jpg,50
photo_04126.jpg,50
photo_04127.jpg,50
photo_04128.jpg,50
photo_04129.jpg,50
photo_04130.jpg,50
photo_04131.jpg,50
photo_04132.jpg,50
photo_04133.jpg,50
photo_04134.jpg,50
photo_04135.jpg,50
photo_04136.jpg,50
photo_04137.jpg,50
photo_04138.jpg,50
photo_04139.jpg,50
photo_04140.jpg,50
photo_04141.jpg,50
photo_04142.jpg,50
photo_04143.jpg,50
photo_04144.jpg,50
photo_04145.jpg,50
photo_04146.jpg,50
photo_04147.jpg,50
photo_04148.jpg,50
photo_04149.jpg,50
photo_04150.jpg,50
photo_04151.jpg,50
photo_04152.jpg,50
photo_04153.jpg,50
photo_04154.jpg,50
photo_04155.jpg,50
photo_04156.jpg,50
photo_04157.jpg,50
photo_04158.jpg,50
photo_04159.jpg,50
photo_04160.jpg,50
photo_04161.jpg,50
photo_04162.jpg,50
photo_04163.jpg,50
photo_04164.jpg,50
photo_04165.jpg,50
photo_04166.jpg,50
photo_04167.jpg,50
photo_04168.jpg,50
photo_04169.jpg,50
photo_04170.jpg,50
photo_04171.jpg,50
photo_04172.jpg,50
photo_04173.jpg,50
photo_04174.jpg,50
photo_04175.jpg,65
photo_04176.jpg,65
photo_04177.jpg,65
photo_04178.jpg,65
photo_04179.jpg,65
photo_04180.jpg,65
photo_04181.jpg,65
photo_04182.jpg,65
photo_04183.jpg,65
photo_04184.jpg,80
photo_04185.jpg,80
photo_04186.jpg,80
photo_04187.jpg,80
photo_04188.jpg,80
photo_04189.jpg,80
photo_04190.jpg,80
photo_04191.jpg,80
photo_04192.jpg,80
photo_04193.jpg,80
photo_04194.jpg,80
photo_04195.jpg,80
photo_04196.jpg,80
photo_04197.jpg,80
photo_04198.jpg,95
photo_04199.jpg,95
photo_04200.jpg,95
photo_04201.jpg,95
photo_04202.jpg,95
photo_04203.jpg,95
photo_04204.jpg,95
photo_04205.jpg,95
photo_04206.jpg,95
photo_04207.jpg,95
photo_04208.jpg,95
photo_04209.jpg,95
photo_04210.jpg,95
photo_04211.jpg,95
photo_04212.jpg,95
photo_04213.jpg,95
photo_04214.jpg,95
photo_04215.jpg,95
photo_04216.jpg,95
photo_04217.jpg,95
photo_04218.jpg,95
photo_04219.jpg,95
photo_04220.jpg,95
photo_04221.jpg,95
photo_04222.jpg,95
photo_04223.jpg,110
photo_04224.jpg,110
photo_04225.jpg,110
photo_04226.jpg,110
photo_04227.jpg,110
photo_04228.jpg,110
photo_04229.jpg,110
photo_04230.jpg,110
photo_04231.jpg,110
photo_04232.jpg,110
photo_04233.jpg,95
photo_04234.jpg,95
photo_04235.jpg,95
photo_04236.jpg,95
photo_04237.jpg,95
photo_04238.jpg,95
photo_04239.jpg,95
photo_04240.jpg,95
photo_04241.jpg,95
photo_04242.jpg,95
photo_04243.jpg,95
photo_04244.jpg,95
photo_04245.jpg,95
photo_04246.jpg,95
photo_04247.jpg,95
photo_04248.jpg,95
photo_04249.jpg,95
photo_04250.jpg,95
photo_04251.jpg,95
photo_04252.jpg,95
photo_04253.jpg,95
photo_04254.jpg,110
photo_04255.jpg,110
photo_04256.jpg,110
photo_04257.jpg,110
photo_04258.jpg,110
photo_04259.jpg,95
photo_04260.jpg,95
photo_04261.jpg,95
photo_04262.jpg,95
photo_04263.jpg,95
photo_04264.jpg,95
photo_04265.jpg,95
photo_04266.jpg,95
photo_04267.jpg,95
photo_04268.jpg,80
photo_04269.jpg,80
photo_04270.jpg,80
photo_04271.jpg,80
photo_04272.jpg,80
photo_04273.jpg,80
photo_04274.jpg,80
photo_04275.jpg,80
photo_04276.jpg,80
photo_04277.jpg,80
photo_04278.jpg,80
photo_04279.jpg,80
photo_04280.jpg,80
photo_04281.jpg,80
photo_04282.jpg,80
photo_04283.jpg,80
photo_04284.jpg,80
photo_04285.jpg,80
photo_04286.jpg,80
photo_04287.jpg,80
photo_04288.jpg,80
photo_04289.jpg,80
photo_04290.jpg,80
photo_04291.jpg,65
photo_04292.jpg,65
photo_04293.jpg,65
photo_04294.jpg,65
photo_04295.jpg,65
photo_04296.jpg,65
photo_04297.jpg,65
photo_04298.jpg,65
photo_04299.jpg,65
photo_04300.jpg,65
photo_04301.jpg,65
photo_04302.jpg,65
photo_04303.jpg,65
photo_04304.jpg,65
photo_04305.jpg,65
photo_04306.jpg,65
photo_04307.jpg,65
photo_04308.jpg,65
photo_04309.jpg,65
photo_04310.jpg,50
photo_04311.jpg,50
photo_04312.jpg,50
photo_04313.jpg,50
photo_04314.jpg,50
photo_04315.jpg,50
photo_04316.jpg,50
photo_04317.jpg,50
photo_04318.jpg,50
photo_04319.jpg,50
photo_04320.jpg,50
photo_04321.jpg,50
photo_04322.jpg,50
photo_04323.jpg,50
photo_04324.jpg,50
photo_04325.jpg,50
photo_04326.jpg,50
photo_04327.jpg,50
photo_04328.jpg,50
photo_04329.jpg,50
photo_04330.jpg,50
photo_04331.jpg,50
photo_04332.jpg,50
photo_04333.jpg,50
photo_04334.jpg,50
photo_04335.jpg,50
photo_04336.jpg,50
photo_04337.jpg,50
photo_04338.jpg,50
photo_04339.jpg,50
photo_04340.jpg,50
photo_04341.jpg,50
photo_04342.jpg,50
photo_04343.jpg,50
photo_04344.jpg,50
photo_04345.jpg,50
photo_04346.jpg,50
photo_04347.jpg,50
photo_04348.jpg,50
photo_04349.jpg,50
photo_04350.jpg,50
photo_04351.jpg,50
photo_04352.jpg,50
photo_04353.jpg,50
photo_04354.jpg,50
photo_04355.jpg,50
photo_04356.jpg,50
photo_04357.jpg,50
photo_04358.jpg,50
photo_04359.jpg,50
photo_04360.jpg,50
photo_04361.jpg,50
photo_04362.jpg,50
photo_04363.jpg,50
photo_04364.jpg,50
photo_04365.jpg,50
photo_04366.jpg,50
photo_04367.jpg,50
photo_04368.jpg,50
photo_04369.jpg,50
photo_04370.jpg,50
photo_04371.jpg,50
photo_04372.jpg,50
photo_04373.jpg,50
photo_04374.jpg,50
photo_04375.jpg,50
photo_04376.jpg,50
photo_04377.jpg,65
photo_04378.jpg,65
photo_04379.jpg,65
photo_04380.jpg,65
photo_04381.jpg,65
photo_04382.jpg,65
photo_04383.jpg,65
photo_04384.jpg,65
photo_04385.jpg,65
photo_04386.jpg,80
photo_04387.jpg,80
photo_04388.jpg,80
photo_04389.jpg,80
photo_04390.jpg,80
photo_04391.jpg,80
photo_04392.jpg,80
photo_04393.jpg,80
photo_04394.jpg,80
photo_04395.jpg,95
photo_04396.jpg,95
photo_04397.jpg,95
photo_04398.jpg,95
photo_04399.jpg,95
photo_04400.jpg,95
photo_04401.jpg,95
photo_04402.jpg,95
photo_04403.jpg,95
photo_04404.jpg,95
photo_04405.jpg,95
photo_04406.jpg,95
photo_04407.jpg,110
photo_04408.jpg,110
photo_04409.jpg,110
photo_04410.jpg,110
photo_04411.jpg,110
photo_04412.jpg,110
photo_04413.jpg,110
photo_04414.jpg,110
photo_04415.jpg,110
photo_04416.jpg,110
photo_04417.jpg,110
photo_04418.jpg,110
photo_04419.jpg,110
photo_04420.jpg,110
photo_04421.jpg,110
photo_04422.jpg,110
photo_04423.jpg,110
photo_04424.jpg,110
photo_04425.jpg,110
photo_04426.jpg,110
photo_04427.jpg,110
photo_04428.jpg,110
photo_04429.jpg,110
photo_04430.jpg,110
photo_04431.jpg,110
photo_04432.jpg,110
photo_04433.jpg,110
photo_04434.jpg,110
photo_04435.jpg,110
photo_04436.jpg,110
photo_04437.jpg,110
photo_04438.jpg,110
photo_04439.jpg,110
photo_04440.jpg,110
photo_04441.jpg,110
photo_04442.jpg,110
photo_04443.jpg,110
photo_04444.jpg,110
photo_04445.jpg,110
photo_04446.jpg,95
photo_04447.jpg,95
photo_04448.jpg,95
photo_04449.jpg,95
photo_04450.jpg,95
photo_04451.jpg,95
photo_04452.jpg,95
photo_04453.jpg,95
photo_04454.jpg,95
photo_04455.jpg,95
photo_04456.jpg,95
